hq_co,bureau,operatingunit,awardID,award_title,award_description,start_date,end_date,institutionid,inst_descr,inst_type,inst_type_descr,fiscal_year,budget,expenditure
CO,PAPP,PAL,14146,JERICHO & HEBRON WATER,UPGRADING OF WATER SYSTEMS IN JERICHO & HEBRON CITIES,1998-10-16 00:00:00,2012-12-31 00:00:00,2389,UN Office for Project Services,ACY,UN Agency,2011,14063.23,14063.23
CO,PAPP,PAL,14161,CONS. EQUIP. GAZA - INTERN. AIRPORT,Construction and Equipment of Gaza International Airport,1999-04-30 00:00:00,2011-12-31 00:00:00,2389,UN Office for Project Services,ACY,UN Agency,2011,354902,354902
CO,PAPP,PAL,14162,TECHNICAL ASSITANCE & EQUIPMENT- GAZA AIR PORT,Technical Assistance and Equipment for the GAZA International Airport,1999-05-17 00:00:00,2011-12-31 00:00:00,2389,UN Office for Project Services,ACY,UN Agency,2011,403336,403336
CO,PAPP,PAL,14163,Development of the Northern Wing at Alia Hospital,This project aims at assisting the Palestinian Authority to carry out its National Health Plan through the construction of the first and second stages of the Northern Wing at Princess Alia Hospital in Hebron.,1999-10-31 00:00:00,2012-12-31 00:00:00,2388,UNDP - PAPP,UND,UNDP,2011,386125,374580.62
CO,PAPP,PAL,14169,LOCAL RURAL DEVELOPMENT PHASE III,Local Rural Development phase - III in the WEst bank and Gaza,2000-01-17 00:00:00,2011-12-31 00:00:00,2389,UN Office for Project Services,ACY,UN Agency,2011,5899812.26,-17024.98
CO,PAPP,PAL,14172,URGENT WATER SUPPLY TO UN-SERVED AREAS OF- WB,Urgent Water Supply to UN-served Areas of the West Bank,2000-03-08 00:00:00,2011-12-31 00:00:00,2389,UN Office for Project Services,ACY,UN Agency,2011,19091,0
CO,PAPP,PAL,14179,Construction of the Tulkarem Gov. Hospital - Phase III,This is the third phase of the Construction of a new modern hospital in the Palestinian city of Tulkarem. An additional floor was contructed on top of two previously constructed floors and the original hospital was rehabilitated.,2000-08-01 00:00:00,2010-12-31 00:00:00,2389,UN Office for Project Services,ACY,UN Agency,2011,14304,14277.7
CO,PAPP,PAL,14183,Participatory Natural Resources Management,Participatory Natural Resources Management Programme (PNRMP),2000-07-27 00:00:00,2012-12-31 00:00:00,2389,UN Office for Project Services,ACY,UN Agency,2011,86962,35520.94
CO,PAPP,PAL,14193,"Rehabilitation of HEALTH, EDUC  - IDB","The Rehabilitation of Health, Education, and Municipal Facilities  in the West Bank & Gaza Strip ( IDB )",2001-05-17 00:00:00,2011-12-31 00:00:00,2389,UN Office for Project Services,ACY,UN Agency,2011,33478,-167.38
CO,PAPP,PAL,14201,Construction of the Salfeet Government Hospital,The construction of a new Government Hospital in the Salfeet District of the West Bank was an important priorty of the Palestinian Authority to meet the general health needs of the public of the district.,2001-09-07 00:00:00,2012-12-31 00:00:00,2388,UNDP - PAPP,UND,UNDP,2011,24759,22770.12
CO,PAPP,PAL,14202,Finishing Ministry of Interior -  IT & Civilian Unit,Finishing works for two floors of  the  Palestinian Authority Ministry of Interior  Information Technology and Civilian Affairs Unit in Ramallah including the purchase of furniture and equipment.,2001-01-01 00:00:00,2012-12-31 00:00:00,2389,UN Office for Project Services,ACY,UN Agency,2011,172041,158858.26
CO,PAPP,PAL,14205,Vocational Rehabilitation Center - ILO,Vocational Rehabilitation Center - Hebron- ILO,2001-11-05 00:00:00,2012-12-31 00:00:00,2388,UNDP - PAPP,UND,UNDP,2011,95103,83797.84
CO,PAPP,PAL,14231,Support for Implementation of KFW Programme,Support for Implementation of the KfW Programmes,2002-01-01 00:00:00,2011-12-31 00:00:00,2388,UNDP - PAPP,UND,UNDP,2011,350150,107013.29
CO,PAPP,PAL,35887,Emergency Humanitarian Infra. Relief Programme ( CAP I),"Over 161 small scale infrastructure projects in the West Bank including additional classrooms, vocational training center, water networks, community service buildings, stormwater canals, etc were implmented through this programme.",2004-01-01 00:00:00,2012-12-31 00:00:00,2389,UN Office for Project Services,ACY,UN Agency,2011,29727,100022
CO,PAPP,PAL,35888,Emergency Small Scale Projects,"The project aims at assisting communities mostly hit by the  Israeli-imposed Separation wall in the  West Bank. It covers rehabilitation and reconstruction of  water and sewage networks, roads, electricity networks, and small scale municipal works.",2004-01-01 00:00:00,2012-12-31 00:00:00,2389,UN Office for Project Services,ACY,UN Agency,2011,100950,100232.54
CO,PAPP,PAL,37063,PAL - Support to Communications,The project was established in 2004 to support the communications unit in performing its core functions. The communications unit is responsible for all facets of communication at UNDP/PAPP.,2004-10-14 00:00:00,2012-12-31 00:00:00,2389,UN Office for Project Services,ACY,UN Agency,2011,300000,279692.71
CO,PAPP,PAL,37586,"PAL/ Poverty Oriented Infras,Emp, KFW III - WB",KFW III - Smale Scale Works,2004-01-01 00:00:00,2011-12-31 00:00:00,2388,UNDP - PAPP,UND,UNDP,2011,40000,38473.77
CO,PAPP,PAL,39137,SPEP- Support to the Palestinain Education Programme,SPEP - Supporting the Palestinian Educational Programme,2005-01-01 00:00:00,2011-12-31 00:00:00,2388,UNDP - PAPP,UND,UNDP,2011,298093.26,268244.28
CO,PAPP,PAL,41098,Poverty Oriented Infrastructure thru EPG'S - KFW V-VII,Poverty Oriented Infrastructure through Employment Generation Programme Phases V  - VII  included approximately 300 smale scale infrastructure works in the West Bank and Gaza Strip.,2006-01-01 00:00:00,2013-12-31 00:00:00,2388,UNDP - PAPP,UND,UNDP,2011,8813880.17,8287296.9
CO,PAPP,PAL,41326,Emergency Humanitarian Aid- Schools CAP II,"The programme aims to provide immediate humanitarian releif to Palestinians through the construction, rehabilitation and equipping of primary and secondary public schools in the WB.",2005-01-01 00:00:00,2012-12-31 00:00:00,2388,UNDP - PAPP,UND,UNDP,2011,288629,219935.39
CO,PAPP,PAL,41489,PAL/ UNV- Reform Intervention Programme,To support the commitment of the Palestinian Authority to strengthen the ongoing process of good governance as the institutional basis for equitable development & Poverty alleviation.,2005-01-01 00:00:00,2012-12-31 00:00:00,2388,UNDP - PAPP,UND,UNDP,2011,98627.55,96561.15
CO,PAPP,PAL,41527,PAL/ Construction of Demolished Homes for NON REFUGEE,PAL/ Construction of Demolished Homes for NON REFUGEE Families in Gaza Strip,2005-01-01 00:00:00,2012-12-31 00:00:00,2388,UNDP - PAPP,UND,UNDP,2011,2556550.46,2555294.23
CO,PAPP,PAL,41529,Construction of Sewage Treatment Plant in Khan Younis,"The Construction of  Sewage Treatment Plant and Mian Pressure Line in Khan Younis in the Gaza Strip .
The project aims at protecting the public health and improving the environmental conditions of Khan Younis residents.",2005-01-01 00:00:00,2015-12-31 00:00:00,2388,UNDP - PAPP,UND,UNDP,2011,63468.12,63468.98
CO,PAPP,PAL,42278,PAL/ Participatory Rural Planning & Development (jenin),"The anticipated overall objective of the PRDP Project is to institute participatory planning and community development at the regional (i.e. governorate) level through strengthening the planning capacity for organizations and authorities at national, reg",2006-01-01 00:00:00,2012-12-31 00:00:00,2388,UNDP - PAPP,UND,UNDP,2011,1070,518.15
CO,PAPP,PAL,42831,PAL/ Construction of 300 Housing Units in Rafah,"The aim of this project is the Construction of 300 residential units for 300 families, whom their houses were demolished by the Israeli forces during the invasions in Rafah city.",2006-01-01 00:00:00,2012-12-31 00:00:00,2388,UNDP - PAPP,UND,UNDP,2011,2504503.5,2504330.95
CO,PAPP,PAL,44201,DEPRIVED fAMILIES ECONOMIC EMPOWERMENT PROGRAMME DEEP,DEPRIVED fAMILIES ECONOMIC EMPOWERMENT PROGRAMME DEEP to empower and graduate the depressed & deprived Palestinian families (cronic & hard hit poor ) from being receipients of humanitarian assistance to providers of income.,2006-01-01 00:00:00,2015-12-31 00:00:00,2388,UNDP - PAPP,UND,UNDP,2011,12752152.29,9935556.94
CO,PAPP,PAL,44516,PAL/ AVAIN FLU RESPONCE- Norway,"Avian Flu Resonse - Joint programme between participating UN Organizations WHO, FAO, UNFPA, UNDP and UNICEF have agreed to establish a coordination mechanism",2006-01-01 00:00:00,2012-12-31 00:00:00,2388,UNDP - PAPP,UND,UNDP,2011,19074.31,4450.48
CO,PAPP,PAL,44759,Emergency Water Supply and Rehabilitation Programme,"The Project includes the rehabilitation of the water supply facilities in the Rafah and North Governorates in the Gaza Strip, which would contribute to the improvement of the living conditions of around 300,000 inhabitatants.",2006-08-03 00:00:00,2013-12-31 00:00:00,2388,UNDP - PAPP,UND,UNDP,2011,571481.96,544545.95
CO,PAPP,PAL,44878,PAL/ Seeds for Development Strategy Formulated for PAPP,Seeds for Development Strategy Formulated for PAPP. This project is a management support project to the Programme; it works on strengthening the capacities of the projects from the financial and managerial aspects.,2006-08-17 00:00:00,2012-12-31 00:00:00,2388,UNDP - PAPP,UND,UNDP,2011,2913222.9,2390308.04
CO,PAPP,PAL,45243,PAL/ Avian Influenza Prevention and control-TF057369,"The overall objective is to minimize the threat posed to humans by highly pathogenic avian influenza and to prepare for, control, and respond to influenza pandemic and other infectious disease emergencies in humans.",2006-10-08 00:00:00,2012-12-31 00:00:00,2388,UNDP - PAPP,UND,UNDP,2011,529100,467431.47
CO,PAPP,PAL,45689,Rehabilitation of Destroyed Bridges in the Gaza Strip,"The aim of the Project is the rehabilitation of destroeyd three bridges in the middle area of Gaza Strip with total budget of US$ 985,872 provided by the Government of Brazil.",2006-12-03 00:00:00,2012-12-31 00:00:00,2388,UNDP - PAPP,UND,UNDP,2011,488539.87,466947.73
CO,PAPP,PAL,45709,Support to peace initiatives in Local Governance-MAP,Logisical support for MAP,2006-12-01 00:00:00,2012-12-31 00:00:00,2388,UNDP - PAPP,UND,UNDP,2011,43377.8,29446.44
CO,PAPP,PAL,45955,UAE Housing Project in the West Bank,Reconstruction of up to 100  Palestinian Homes in the West Bank,2007-01-01 00:00:00,2012-12-31 00:00:00,2388,UNDP - PAPP,UND,UNDP,2011,434013.45,344879.59
CO,PAPP,PAL,46066,Civil Service Leadership Development Programme(GPC),this programme built ensure that senior civil servants were provided with the necessary skills and competence to carry out their roles effectively in support of the overall national development goals of the Palestinian Authority (PA).,2007-01-15 00:00:00,2012-12-31 00:00:00,2388,UNDP - PAPP,UND,UNDP,2011,299867.46,224246.42
CO,PAPP,PAL,46088,EC/UNDP Governance Strategy Group (GSG) Coordinator,Support to the Aid Coordination Process and Aid Effectiveness in the oPt – Governance Strategy Group Coordinator,2007-01-01 00:00:00,2012-12-31 00:00:00,2388,UNDP - PAPP,UND,UNDP,2011,343219.63,282763.84
CO,PAPP,PAL,46247,PAL\Brucellosis Control Project II - Spain,"The project was to contribute to a measurable reduction of the causes and incidence of Brucellosis in small ruminants, predominantly, sheep and goats, as well as humans in the PTs.",2007-01-01 00:00:00,2013-12-31 00:00:00,2388,UNDP - PAPP,UND,UNDP,2011,246240,103124.08
CO,PAPP,PAL,46310,Support to the Presidents Office Phase II,"""The project aims towards development of systems and procedures for decentralized governance of the Office of President by developing the effectiveness in its operations, coupled with civil works for the Presidential Kitchen and Premises.",2007-01-31 00:00:00,2012-12-31 00:00:00,2388,UNDP - PAPP,UND,UNDP,2011,144036.79,140344.16
CO,PAPP,PAL,46328,PAL/ Voulnteers for Development (TOKTEN),The project aims at establishing a strategic framework of intervention for the Transfer of Knowledge through Expatriate Nationals (TOKTEN) programme,2007-01-01 00:00:00,2012-12-31 00:00:00,2388,UNDP - PAPP,UND,UNDP,2011,705505.91,270139.15
CO,PAPP,PAL,47037,UN - Special Co-ordinator,"MAXIMIZING IMPACT - UNSCO	Maximising Impact 2010-2011, the Goal of the Project is Maximizing the impact of UNSCO in the oPt through ensuring a level of alignment between the UN, the LACS structure, the PA, local donor structures.",2007-04-01 00:00:00,2013-12-31 00:00:00,2388,UNDP - PAPP,UND,UNDP,2011,742763,674932.74
CO,PAPP,PAL,47388,Emergency Support to Civil Society,Islamic Development Bank Grant in support of Civil Societies in East Jerusalem in the form of rehabilitation work and provision of needed equipment and furniture,2007-06-04 00:00:00,2012-12-31 00:00:00,2388,UNDP - PAPP,UND,UNDP,2011,673370.55,599754.24
CO,PAPP,PAL,47623,Community-Based Women Empowerment in Gaza,"Empowering Disadvantaged Women and their families in Emergency and Post - Crisis Situations, the output is Women in Jabalia and Nuseirat are trained in providing sustainable social and economic services.",2007-07-01 00:00:00,2012-12-31 00:00:00,2388,UNDP - PAPP,UND,UNDP,2011,155438.17,133871.06
CO,PAPP,PAL,47717,AFD Mental Health,"The project seeks to improve the mental health condition of Palestinian men and women through improving the access to mental health facilities, developing capacity of mental health care staff and improving the quality of services.",2007-08-01 00:00:00,2012-12-31 00:00:00,2388,UNDP - PAPP,UND,UNDP,2011,986750,796003.61
CO,PAPP,PAL,47798,Integrated Rural Development,Integrated Rural Development Project in Hebron and Bethlehem Districts,2007-07-31 00:00:00,2012-12-31 00:00:00,2388,UNDP - PAPP,UND,UNDP,2011,134018,111869.58
CO,PAPP,PAL,47872,Support to the Office of the Quartet Representative,Providing Operational and Logistical Support to the Office of the Quartet Representative – OQR Team – Office of Mr. Tony Blair- and staff based in Jerusalem,2007-08-01 00:00:00,2012-12-31 00:00:00,2388,UNDP - PAPP,UND,UNDP,2011,6097526.16,5855541
CO,PAPP,PAL,48267,Developing the capacities of the HJC,The project seeks to develop the institutional capacities of the High Judicial Council through TA.,2007-10-12 00:00:00,2013-12-31 00:00:00,2388,UNDP - PAPP,UND,UNDP,2011,121425.77,125683.66
CO,PAPP,PAL,48824,EMRI - Emergency Medical Relief Initiative,Emergency Medical Relief Initiative for the Public Health Care Facilities (EMRI),2008-01-01 00:00:00,2012-12-31 00:00:00,2388,UNDP - PAPP,UND,UNDP,2011,1949999.65,1804379.43
CO,PAPP,PAL,48868,Jericho - Taybeh Road Rehabilitation,The project rehabilitated a dangerous portion of approximately 1.5 kilometers of the jericho taybeh road.,2007-12-17 00:00:00,2012-12-31 00:00:00,2388,UNDP - PAPP,UND,UNDP,2011,77487,62481.58
CO,PAPP,PAL,49552,Gender Equality and Women's  Empowerment in the oPt,"As part of the (MDG) six UN Agencies, namely UNDP/PAPP, UN-Women, ILO, UNESCO, UNFPA and UNRWA, are implementing a Joint Programme on the promotion of Palestinian women’s social, economic and political empowerment",2008-09-09 00:00:00,2012-12-31 00:00:00,2388,UNDP - PAPP,UND,UNDP,2011,783010.7,788498.15
CO,PAPP,PAL,50122,Public Administration and Institutional Development,"Support to the development of institutional & individual capacities needed to execute core public management functions required to sustain the building of a national public service, within an environment of open, structured, & accountable government.",2008-05-26 00:00:00,2013-12-31 00:00:00,2388,UNDP - PAPP,UND,UNDP,2011,699091.47,660388.29
CO,PAPP,PAL,50123,Emergency Supply & Advanced Plan for Early Recovery-Gaza,"Emergency Supply & Advanced Plan. for Early Recovery-Gaza.  This project aims to support advanced UN ER co.ord. and inter-agency programming, for comprehensive and multi-stakeholders.",2008-06-01 00:00:00,2012-12-31 00:00:00,2388,UNDP - PAPP,UND,UNDP,2011,10960959.45,9636155.42
CO,PAPP,PAL,50848,SPORTS PROGRAMME,Supporting Programme Opportunities in Recreational and Team Sports (SPORTS). The project includes the construction of an indoor Sports Facility in Ramallah and the establishment of the Palestinian Youth Sports League (PYSL),2008-09-16 00:00:00,2012-12-31 00:00:00,2388,UNDP - PAPP,UND,UNDP,2011,677701,499965.42
CO,PAPP,PAL,50897,Promote cross- boundary Wastewater management in oPt,"Peace Building is promoted and enhanced through management of cross boundary waste water in the three towns of Bartaa' Sharqieh, Habla and Baqa Sharqieh located at the northern part of the West Bank.",2009-05-01 00:00:00,2012-12-31 00:00:00,2388,UNDP - PAPP,UND,UNDP,2011,4318373.58,3359670.3
CO,PAPP,PAL,50942,Support Physical Disability Rehabilitation in Gaza,Support to Community Colleges and NGOs working in the Field of Physical Disability Rehabilitation to Build and Enhance their Services and Human Capacities.,2010-11-01 00:00:00,2012-12-31 00:00:00,2388,UNDP - PAPP,UND,UNDP,2011,153787.35,143554.35
CO,PAPP,PAL,51015,Construction of Palestinian Ministry of Foreign Affair,"Construction of the 9800 Meter Square of the new Palestinian Ministry of Foreign Affairs with a kind support of the China Ministry of Commerce, the Grant of the Project is 11 USD Million, Construction of Civil works started on 16 Dec 2010,",2008-10-20 00:00:00,2013-12-31 00:00:00,2388,UNDP - PAPP,UND,UNDP,2011,1996254.44,1877763.76
CO,PAPP,PAL,51140,Improve food security in marginalized area in Gaza Strip,Assist in food security improvement in the Gaza Strip,2008-10-01 00:00:00,2012-06-30 00:00:00,2388,UNDP - PAPP,UND,UNDP,2011,668491.82,664369.3
CO,PAPP,PAL,51220,GFATM HIV/AIDS & TB,"The Global Fund to Fight AIDS, Tuberculosis and Malaria funded two projects one for AIDS and one for Tuberculosis in the oPt",2008-10-01 00:00:00,2014-12-31 00:00:00,2388,UNDP - PAPP,UND,UNDP,2011,1822831.57,1445659.5
CO,PAPP,PAL,56673,Local Governance Support Programme,"This Programme aims at contributing to the development of a democratic, decentralized, transparent and inclusive system of Local Governance in the oPt that is more responsive and capable of delivering quality services to local communities.",2009-01-01 00:00:00,2013-12-31 00:00:00,2388,UNDP - PAPP,UND,UNDP,2011,431944.58,286637.46
CO,PAPP,PAL,57098,Construction of 100 Housing Units,Construction 100 Housing Units to Re housing the Affected Palestinian Families in Gaza Strip.,2009-04-01 00:00:00,2012-12-31 00:00:00,2388,UNDP - PAPP,UND,UNDP,2011,268593.59,268581.99
CO,PAPP,PAL,57171,Rehabilitation of the Agro Industrial Park Road,The project  will consist of the construction of a 1.8 kilometer roadway from the New Jericho Wholesale Market to the proposed Jericho Agro Industrial Park.,2009-04-07 00:00:00,2012-12-31 00:00:00,2388,UNDP - PAPP,UND,UNDP,2011,109361,77619
CO,PAPP,PAL,57409,Supporting the Rule of Law and Access to Justice,Supporting the Rule of Law and Access to Justice,2009-11-01 00:00:00,2013-12-31 00:00:00,2388,UNDP - PAPP,UND,UNDP,2011,9296599.29,7050734.92
CO,PAPP,PAL,57418,Mainstream Environment within oPt,the project supports government institutions such as environment quality authority and water authority to promote environmental awareness and Mainstreaming,2009-06-01 00:00:00,2012-12-31 00:00:00,2388,UNDP - PAPP,UND,UNDP,2011,39501.95,19336.31
CO,PAPP,PAL,57869,"GEF - SMALL GRANTS Programme ""SGP""",the project aims at developing the capacities of local NGos in generating environmental and livelihood benefits for local communities through implementing initiatives that addressed the five global environmental problems,2009-01-01 00:00:00,2012-12-31 00:00:00,2388,UNDP - PAPP,UND,UNDP,2011,183221.04,157850.08
CO,PAPP,PAL,58277,P1 - Construction of the Jericho Agro-Industrial Park,"This project document will encompass the works prior to Stage I, and will only include excavation, land clearing, and leveling of the future Jericho Agro Industrial park. Approximately 18,000 workdays will be generated by the project.",2009-09-10 00:00:00,2013-12-31 00:00:00,2388,UNDP - PAPP,UND,UNDP,2011,1571090.07,1564428.56
CO,PAPP,PAL,59090,Italian Emergency Support Programme for Gaza & WB,"This Emergency programme will include the following projects:
1.	Improvement of Water Quality in Deir Al Balah
2.	Solid Waste Management and Composting in the Beit Lahia
3.	Implementation and strengthening of the three counselling centers in Hebron",2010-10-01 00:00:00,2012-12-31 00:00:00,2388,UNDP - PAPP,UND,UNDP,2011,510033.19,508326.94
CO,PAPP,PAL,59143,PAL-Construction of School in Gaza,22 classrooms school with the necessary facilities constructed.,2010-01-01 00:00:00,2012-12-31 00:00:00,2388,UNDP - PAPP,UND,UNDP,2011,526524.87,526525.97
CO,PAPP,PAL,59427,MDG Culture & Development Programme in the oPt,"This joint culture and tourism development programme is implemented by UNDP, UNESCO, FAO & UNIFEM in partnership with the Palestinian Ministries of Culture, Tourism & Antiquities, Womens Affairs, and Agriculture.",2010-02-23 00:00:00,2012-12-31 00:00:00,2388,UNDP - PAPP,UND,UNDP,2011,231718.43,109396.97
CO,PAPP,PAL,59876,Peace Building in the oPt,UNDP/PAPP,2010-05-05 00:00:00,2013-06-30 00:00:00,2388,UNDP - PAPP,UND,UNDP,2011,864979.26,864844.42
CO,PAPP,PAL,60186,Reconciliation & Social Cohesion,"Facilitating Palestinian National Reconciliation & Promoting Social Cohesion. Outcome 1, Output 1.1.2 Crisis & conflict prevented & mitigated.",2010-06-30 00:00:00,2012-12-31 00:00:00,2388,UNDP - PAPP,UND,UNDP,2011,1382112,825551.35
CO,PAPP,PAL,60252,Improve the Capacity of CMWU  for Monitoring the Water,Improve the Capacity of CMWU  for Monitoring the Quality of Water Supply in the Gaza Strip,2010-07-11 00:00:00,2012-12-31 00:00:00,99999,UNDP,UND,UNDP,2011,302699.5,141337.58
CO,PAPP,PAL,60256,Irrigation Systems and Water Resources in the West Bank,Development of Irrigation Systems and Water Resources in the Jordan Valley and the North Western Districts of West Bank,2010-07-12 00:00:00,2012-12-31 00:00:00,2388,UNDP - PAPP,UND,UNDP,2011,221973.64,73862.87
CO,PAPP,PAL,60310,Head of GAZA Office,Head of Gaza Office,2010-07-01 00:00:00,2012-12-31 00:00:00,2388,UNDP - PAPP,UND,UNDP,2011,332042.76,323193.37
CO,PAPP,PAL,60615,Combat Desertification in oPt,The specific objective is to assist the Palestinian Authority  to develop  a National Strategy and Action Programme (NSAP) for combating desertification in oPt,2010-01-01 00:00:00,2012-06-30 00:00:00,2388,UNDP - PAPP,UND,UNDP,2011,58864.66,43975.63
CO,PAPP,PAL,60621,Support to the Electoral Cycle,Support to the Central Elections Commissions over Electoral Cycle,2010-09-29 00:00:00,2013-12-31 00:00:00,2388,UNDP - PAPP,UND,UNDP,2011,688348,144502.29
CO,PAPP,PAL,60779,Sharafat Housing project,"With a Grant of US$ 1.5 million the project will contribute to improve the physical and social infrastructure services in the selected areas of the Jerusalem area.Activities will consist of Landscaping, Construction and Finishing Works",2010-11-08 00:00:00,2013-06-30 00:00:00,2388,UNDP - PAPP,UND,UNDP,2011,454324.47,454906.83
CO,PAPP,PAL,60907,Access Coordination and MonitoringSupport - Gaza,The principal goal of the Access Coordination and Monitoring Support to Gaza project is to facilitate and account for the entry materials used for UNDP/PAPP projects in Gaza in support of the recovery and reconstruction process.,2010-10-18 00:00:00,2012-12-31 00:00:00,2386,UNDP (Direct Execution),UND,UNDP,2011,1735358.83,902851.98
CO,PAPP,PAL,61270,JERUSALEM DEVELOPMENT - ISLAMIC DEVELOPMENT BANK,"JERUSALEM DEVELOPMENT PROGRAMME IS TO DEVELOPE THE CAPACITY OF JERUSALEM CIVIL SOCIETY ORGANIZATIONS, REHABILITATION OF HOUSES, ECONOMIC EMPOWERMENT, LAND PROTECTION, & SUPPORT TO SMALL BUSINESSES AND ENTERPRISES",2011-01-01 00:00:00,2015-12-31 00:00:00,2388,UNDP - PAPP,UND,UNDP,2011,4564164.93,3487917.92
CO,PAPP,PAL,61276,Re-construction of totally damaged housing units in Gaza,Re-construction of 50 damaged houses from Northern Gaza Strip deploying self help approach,2011-02-10 00:00:00,2012-01-31 00:00:00,2388,UNDP - PAPP,UND,UNDP,2011,1832539.37,1832526.1
CO,PAPP,PAL,61765,EXPORT DEVELOPMENT IN THE WEST BANK PROJECT – CANADIAN I,UNDP and PalTrade will work  to ensure that Palestinian business owners receive urgently needed services and provide  high quality trade support services meeting the needs of Palestinian MSMEs and enabling their export success.,2011-04-28 00:00:00,2015-12-31 00:00:00,2388,UNDP - PAPP,UND,UNDP,2011,2115707.7,1211415.4
CO,PAPP,PAL,62322,Engineering Services – UN Programmes/Agencies,Renovation and Rehabilitation Works for Maternities and Primary Health Care Clinics (PHCCs) in the Gaza Strip,2011-08-10 00:00:00,2013-12-31 00:00:00,2388,UNDP - PAPP,UND,UNDP,2011,239839.07,151758.39
CO,RBA,AGO,11123,AMBRIZ PROJECT,Support to Artisanal Fishing and Community Reinforcement of the Productive Sector in Ambriz and Neighbourhood,2003-10-14 00:00:00,2011-12-20 00:00:00, ,,,,2011,9630,-886.51
CO,RBA,AGO,36249,Governance and Local Development Programme (GLDP),"The objective of the programme is to promote service delivery, socio-economic development and poverty reduction through improved decentralized governance and institutional capacity building at provincial and municipal level.",2004-07-30 00:00:00,2013-12-31 00:00:00,69,UNDP (Direct Execution),UND,UNDP,2011,2015181.51,1539070.62
CO,RBA,AGO,37249,Angola Enterprise Programme,"The project seeks to promote the development of a diverse, robust, micro, small and medium enterprise sector in Angola.",2004-01-01 00:00:00,2013-12-31 00:00:00,69,UNDP (Direct Execution),UND,UNDP,2011,1048385.82,792050.15
CO,RBA,AGO,40779,Support to National Tuberculosis Control Program,Strengthened institutional capacity to detected and treated TB cases,2005-07-01 00:00:00,2011-12-31 00:00:00,99999,UNDP,UND,UNDP,2011,83616.22,-363403.32
CO,RBA,AGO,40920,PIMS 65 IW FSP: Okavango River Basin,Environmental Protection and Sustainable Management of the Okavango River Basin,2005-01-01 00:00:00,2011-12-31 00:00:00,59,Food and Agriculture Organizat,ACY,UN Agency,2011,1,-1610.77
CO,RBA,AGO,41138,Reducing the Burden of HIV/AIDS in Angola,Reducing the Burden of HIV/AIDS in Angola,2005-08-01 00:00:00,2012-12-31 00:00:00,99999,UNDP,UND,UNDP,2011,7508058.43,7247112.02
CO,RBA,AGO,44353,Support to the National Strategic Plan of HIV/AIDS,UN Joint Programme of Support to the National Strategic Plan in the descentralization process of HIV/AIDS programme (UNDP),2007-01-01 00:00:00,2011-12-31 00:00:00,64,National Execution,GOV,Gov Counterpart Institution,2011,5189.63,1923.86
CO,RBA,AGO,44526,PIMS 3379 OP15 MSP: Sustainable Land Management,"This project was formulated to address the direct causes of land degradation namely Unsustainable Agriculture, Deforestation/unsustainable use of Forests, and",2006-10-01 00:00:00,2012-12-31 00:00:00,64,National Execution,GOV,Gov Counterpart Institution,2011,522501.36,344108.15
CO,RBA,AGO,44798,Reform & Modernization of Justice,Support to the Process of Reform and Modernization of Justice in Angola,2006-09-01 00:00:00,2011-12-31 00:00:00,64,National Execution,GOV,Gov Counterpart Institution,2011,3,0.83
CO,RBA,AGO,44904,Civic Education,"Expanding democratic participation, particulary among women, youth and other under -represented segments of society, through the increase of citizens' knowledge and awarness of their rights and responsabilities.",2006-10-23 00:00:00,2010-12-31 00:00:00,69,UNDP (Direct Execution),UND,UNDP,2011,75004,0
CO,RBA,AGO,45302,Capacity Development of National Institute for Deming,The project will assist INAD to enhance its role as National demining operator. The specific outcome of the project will be consolidated access and security for development efforts in Angola through developing INAD capacity.,2006-01-01 00:00:00,2012-04-30 00:00:00,69,UNDP (Direct Execution),UND,UNDP,2011,1124988.55,969069.86
CO,RBA,AGO,47708,Support to CNIDAH 2007-2008,Technical advice for the consolidation of  the National Intersectoral Commission for Humanitarian Demining and Assistance capacities.,2007-07-01 00:00:00,2012-03-31 00:00:00,64,National Execution,GOV,Gov Counterpart Institution,2011,157079.15,146851.54
CO,RBA,AGO,50950,Growing Sustainable Business Angola,"Growing Sustainable Business
for Poverty Reduction in Angola",2008-10-07 00:00:00,2013-12-31 00:00:00,69,UNDP (Direct Execution),UND,UNDP,2011,764771.4,228113.06
CO,RBA,AGO,50951,Entrepreneurship Curriculum Programme,Entrepreneurship Curriculum in Secondary Schools Programme,2009-01-01 00:00:00,2013-06-30 00:00:00,64,National Execution,GOV,Gov Counterpart Institution,2011,518516.44,418646.99
CO,RBA,AGO,57124,ANG/PHA/55/PRP/08-Prep. Phaseout Managem. Plan(HPMP),The document describes the proposed institutional arrangements and budgets for preparation of HCFC Phase-out Management Plan (HPMP) for Angola.,2009-03-30 00:00:00,2012-12-31 00:00:00,64,National Execution,GOV,Gov Counterpart Institution,2011,19581,9153.74
CO,RBA,AGO,57521,Urban & Peri-Urban Water & Sanitation Joint Programme,Urban and peri-urban water and sanitation joint programme management / Governance of water and sanittion in Angola's poor neighbourhoods,2009-03-20 00:00:00,2014-12-31 00:00:00,64,National Execution,GOV,Gov Counterpart Institution,2011,859153,453396.42
CO,RBA,AGO,59621,"MDG Reporting, M&E and Planning",The current Work Plan aims to orient the MDG reporting process and its major deliverables.,2010-03-23 00:00:00,2012-12-31 00:00:00,99999,UNDP,UND,UNDP,2011,189214.12,108542.71
CO,RBA,AGO,62235,Support to Environment Thematic Area,"UNDP support to the Okavango River Basin Programme, support to Environment Programme formulation and approval and support to Iona Conservation Initiation Plan.",2011-07-26 00:00:00,2013-12-31 00:00:00,99999,UNDP,UND,UNDP,2011,420000,234174.93
CO,RBA,AGO,62500,Food Security in Angola,Nutrition & Food Security,2011-09-29 00:00:00,2013-12-31 00:00:00,69,UNDP (Direct Execution),UND,UNDP,2011,168580,94159.74
CO,RBA,AGO,62504,Strengthening  of Gender Empowerment in Angola,Strengthening of Gender Empowerment in Angola includimg the promotion of Angolan Women´s Empowerment through CSOs,2011-11-30 00:00:00,2013-12-31 00:00:00,69,UNDP (Direct Execution),UND,UNDP,2011,400000,0
CO,RBA,BDI,11342,Appui au Programme National de Lutte contre le VIH/SIDA,Les activités du projet ont été identifiées dans la perspective de contribuer à la prise en compte de la dimension VIH dans le Cadre Strategique de Lutte contre la Pauvrete (CSLP),2002-02-01 00:00:00,2008-12-31 00:00:00, ,,,,2011,0,-600.14
CO,RBA,BDI,11344,Sécurité Alimentaire & Environnement,Appui à la Sécurité Alimentaire et à la Gestion de l'Environnement,2004-01-01 00:00:00,2011-12-31 00:00:00, ,,,,2011,37072,0
CO,RBA,BDI,25482,PROGRAMME-CADRE D'ASSISTANCE AUX COMMUNAUTES,PROGRAMME-CADRE D'ASSISTANCE AUX COMMUNAUTES DE BURUNDI,2004-01-01 00:00:00,2007-12-31 00:00:00, ,,,,2011,944.7,0
CO,RBA,BDI,35744,CELLULE INTER-AGENCE DE REINSERTION,"Appui à la coordination des Nations Unies dans le cadre des activités de réinsertion des personnes rapatriés, déplacées et des vulnérables parmi les population d'accueil.",2004-06-01 00:00:00,2005-12-31 00:00:00,208,UNDP,UND,UNDP,2011,0,-2.71
CO,RBA,BDI,37475,Production des Fleurs Integration Commerciale,Renforcement des capacités du secteur prive dans la production des fleurs destinées à l’exportation.,2005-01-01 00:00:00,2011-12-31 00:00:00,212,National Execution,GOV,Gov Counterpart Institution,2011,7202.4,-7202.4
CO,RBA,BDI,37477,Sechage des fruits et legumes pour l'exportation,Séchage des fruits et légumes en vue de leur exportation.,2006-06-01 00:00:00,2011-12-31 00:00:00,212,National Execution,GOV,Gov Counterpart Institution,2011,7202.4,7202.4
CO,RBA,BDI,39512,Programme de Reintegration-Rehabilitation des Sinistres,Programme d'appui a la reintegration/rehabilitation des sinistres et de lutte contre la pauvrete.,2005-04-03 00:00:00,2012-12-31 00:00:00,208,UNDP,UND,UNDP,2011,6915876.36,3625785.82
CO,RBA,BDI,39612,Second National Communication on Climate Change UNFCCC,"Le projet vise le renforcement des capacites techniques et institutionnelles a preparer et soumettre les communications nationales sur les changements climatiques(CC) par l'amelioration des inventaires de gaz a effet de serre (GES),",2005-04-13 00:00:00,2010-12-31 00:00:00,212,National Execution,GOV,Gov Counterpart Institution,2011,0,-1049.79
CO,RBA,BDI,39994,"GOUVERNANCE,  CROISSANCE DURABLE/OMDs","Appui à la Bonne Gouvernance pour une croissance durable, équitable et  l'atteinte des OMD.",2005-04-03 00:00:00,2009-12-31 00:00:00,99999,UNDP,UND,UNDP,2011,0,-190.18
CO,RBA,BDI,40300,Projet d'appui à la mission des observateurs de l'UE,Projet d'appui à la mission des observateurs de l'UE durant le processus électoral.,2005-05-31 00:00:00,2011-12-31 00:00:00,216,United Nations Development Pro,UND,UNDP,2011,11240,393.4
CO,RBA,BDI,43773,Emergency Programme Burundi,2006 Emergency Programme for Burundi,2006-04-01 00:00:00,2012-12-31 00:00:00,99999,UNDP,UND,UNDP,2011,4741588,4372852.2
CO,RBA,BDI,45116,Mine Action,UNDP Integrated Support to the Burundi National Humanitarian Mine Action,2006-08-01 00:00:00,2012-12-31 00:00:00,208,UNDP,UND,UNDP,2011,498,0
CO,RBA,BDI,45800,Programme Action 2 dans la région des Grands Lacs,"L'objectif du programme Action 2 est de renforcer l'equipe de pays (UNCT) pour une meilleure promotion et protection des droits de l'Homme dans la region des Grands Lacs (Burundi, Rwanda et RDC)",2007-01-01 00:00:00,2011-12-31 00:00:00,208,UNDP,UND,UNDP,2011,76317,20712.7
CO,RBA,BDI,46514,Justice Joint Programme,Justice reform activities to be funded by BINUB and implemented by the justice unit of the BINUB Human Rights and Justice Section,2007-07-01 00:00:00,2012-12-31 00:00:00,99999,UNDP,UND,UNDP,2011,792523.39,589554.29
CO,RBA,BDI,46523,Security Sector Reform  & Small Arms Joint Programme,Security Sector Reform and Small Arms activities to be funded by UNDP/BCPR and implemented within BINUB SSR-SA Section,2007-07-01 00:00:00,2012-12-31 00:00:00,99999,UNDP,UND,UNDP,2011,1094402.08,813825.93
CO,RBA,BDI,46601,Local Development,Gouvernance locale Rutana,2007-01-01 00:00:00,2011-12-31 00:00:00,208,UNDP,UND,UNDP,2011,83214.25,81893.68
CO,RBA,BDI,46630,Prévention et Gestion des Catastrophes Naturelles,Renforcement des Capacités Nationales dans la Prévention et la Gestion des Risques et des Catastrophes Naturelles,2008-01-01 00:00:00,2011-12-31 00:00:00,208,UNDP,UND,UNDP,2011,174751.77,73937.92
CO,RBA,BDI,46663,Peace & Governance Joint Programme,Programme Conjoint d'Appui à la Consolidation de la Paix et à la Gouvernance au Burundi,2007-04-01 00:00:00,2011-12-31 00:00:00,99999,UNDP,UND,UNDP,2011,254914,-19043.75
CO,RBA,BDI,46689,Technical Secretariat - PBF,secretariat technique du comite de pilotage conjoint gouvernement du burundi/nations unies pour la consolidation de la paix au burundi.,2007-01-01 00:00:00,2013-12-31 00:00:00,99999,UNDP,UND,UNDP,2011,42999.18,23051.16
CO,RBA,BDI,47079,Mise en place d'une commission nationale indépendante DH,Appui à la mise en place d'une commission nationale indépendante des Droits de l'Homme et au lancement de ses activités,2007-04-01 00:00:00,2012-12-31 00:00:00,208,UNDP,UND,UNDP,2011,82829,81077.47
CO,RBA,BDI,47384,Lutte contre la corruption,Appui au renforcement des mecanismes de lutte contre la corruption et les malversations diverses a travers tout le pays,2007-01-01 00:00:00,2010-12-31 00:00:00,208,UNDP,UND,UNDP,2011,0,-4.78
CO,RBA,BDI,49336,Promotion du secteur prive local,Projet d'Appui a la mise en place d' un espace permanent d' expositions de produits de petites et micro entreprises qui ont une valeur ajoutee a la consolidation de la paix et ameliorer leurs pratiques d'entreprenariat.,2009-01-01 00:00:00,2012-12-31 00:00:00,99999,UNDP,UND,UNDP,2011,509202.68,284734.9
CO,RBA,BDI,49687,Support for Dialogue,"Appuie au dialogue politique, prealable pour que les elections de 2010 puissent se derouler dans un climat paisible.",2008-01-01 00:00:00,2012-12-31 00:00:00,208,UNDP,UND,UNDP,2011,20821.5,20510.49
CO,RBA,BDI,50318,Support to Aid Coordination in Burundi,"Il s'agit d'un projet d’Appui au renforcement des capacites nationales en vue d’une meilleure efficacite de l’aide et pour garantir l’execution du Cadre Strategique de Lutte contre la Pauvrete (CSLP) et du CSCP, dans l'esprit de la Decl. de Paris.",2009-01-01 00:00:00,2014-12-31 00:00:00,99999,UNDP,UND,UNDP,2011,911263.86,904265.09
CO,RBA,BDI,56879,Support to National Reforms for Conflict Prevention,Support to National Reforms for Conflict Prevention,2008-07-01 00:00:00,2012-12-31 00:00:00,99999,UNDP,UND,UNDP,2011,389114.68,372418.48
CO,RBA,BDI,57554,Biodiversite et Gestion Durable des Terres,PPG - Ameliorer les Aires Proteges pour la Conservation de la Biodiversite au Burundi.,2009-06-01 00:00:00,2012-12-31 00:00:00,212,National Execution,GOV,Gov Counterpart Institution,2011,123517.3,121730.98
CO,RBA,BDI,58730,Appui au Processus Electoral 2010,Appui à la préparation et la mise en oeuvre des scrutins électoraux de 2010 au Burundi.,2008-01-01 00:00:00,2012-12-31 00:00:00,99999,UNDP,UND,UNDP,2011,967212.58,741313.41
CO,RBA,BDI,58797,Greater Elections Participation,"L'objectif recherché est d'augmenter et renforcer le niveau de participation de la femme burundaise dans le processus électoral, en tant qu'électrice et candidate",2009-12-10 00:00:00,2011-12-31 00:00:00,208,UNDP,UND,UNDP,2011,0,-37355.55
CO,RBA,BDI,59107,Appui a la Gouvernance Democratique,"Programme visant à l’etablissement au Burundi d’un environnement juridique, institutionnel et sociétal fonde sur la gouvernance  democratique et donc sur la legitimite politique, l’etat de droit, la justice pour tous et la promotion du consensus national",2010-01-01 00:00:00,2014-12-31 00:00:00,99999,UNDP,UND,UNDP,2011,706800.99,600990.35
CO,RBA,BDI,59157,Planification Strategique,Les institutions clu Ministere des  Finances et de la Planification ont les capacites necessaires pour animer un systeme de planification strategique participatif et inclusif qui tient compte des normes et engagements regionaux et  internationaux.,2010-01-01 00:00:00,2014-12-31 00:00:00,99999,UNDP,UND,UNDP,2011,1003797,919909.89
CO,RBA,BDI,59849,Centre Integre des Services desNations Unies,Centre Integre des Services des Nations Unies,2010-01-01 00:00:00,2012-12-31 00:00:00,99999,UNDP,UND,UNDP,2011,412155.98,272095.19
CO,RBA,BDI,60803,Enhancing efficiency of Burundi's protected areas system,Enhancing efficiency of Burundi’s protected areas management system for biodiversity conservation through stakeholders’ engagement,2011-01-01 00:00:00,2014-12-31 00:00:00,208,UNDP,UND,UNDP,2011,328000,260961.88
CO,RBA,BDI,60962,Villages Ruraux Integres et Reintegration Communautaire,Programme  d’appui a la viabilisation des villages ruraux integres dans le cadre du rapatriement et de la reintegration au Burundi,2010-01-01 00:00:00,2014-12-31 00:00:00,99999,UNDP,UND,UNDP,2011,1008035.11,961967.48
CO,RBA,BDI,61280,Construction d'un Centre Socio-Sportif Jeunes Gatumba,Projet de Renforcement de la Stabilité Transfrontalière à travers l’Encadrement socio-sportif des Jeunes de Gatumba,2011-01-01 00:00:00,2012-12-31 00:00:00,208,UNDP,UND,UNDP,2011,219982,220846.85
CO,RBA,BEN,11474,APPUI PROG NATL CONTRE LE SIDA ET LES MST,APPUI AU PROGRAMME NATIONAL DE LUTTE CONTRE LE SIDA ET LES MST,1997-05-09 00:00:00,2011-12-31 00:00:00, ,,,,2011,20000,0
CO,RBA,BEN,11480,APPUI AU FONDS GLOBAL,APPUI AU FONDS GLOBAL ( PALUDISME - TUBERCULOSE - VIH/SIDA),2003-01-01 00:00:00,2007-12-31 00:00:00, ,,,,2011,0,-91.09
CO,RBA,BEN,11481,Intensification  lutte VIH/SIDA,INTENSIFICATION DE LA LUTTE CONTRE VIH/SIDA,2003-01-01 00:00:00,2011-12-31 00:00:00, ,,,,2011,15419,9807.86
CO,RBA,BEN,11482,Lutte contre la Tuberculose,Intensification de la Lutte contre la Tuberculose,2003-01-01 00:00:00,2011-12-31 00:00:00, ,,,,2011,358.51,-1955.12
CO,RBA,BEN,11484,ADECOI,Projet d'Appui au Développement Communal et aux Initiatives Locales dans le Borgou,2002-12-17 00:00:00,2009-12-31 00:00:00, ,,,,2011,0,-1854.38
CO,RBA,BEN,25483,Appui institutionnel au PNLS/IST,Appui institutionnel au Programme National de Lutte contre le SIDA/IST,2001-01-01 00:00:00,2011-12-31 00:00:00, ,,,,2011,30000,0
CO,RBA,BEN,25484,Appui finalisation plans départementaux,Appui à la finalisation des plans opérationnels au nveau départemental,2001-01-01 00:00:00,2011-12-31 00:00:00, ,,,,2011,11166,0
CO,RBA,BEN,25485,Appui structures de prise en charge PVVIH,Appui au renforcement des structures de prise en charge des Personnes Vivant avec le VIH/SIDA (PVVIH),2001-01-01 00:00:00,2011-12-31 00:00:00, ,,,,2011,4602.69,0
CO,RBA,BEN,34261,APPUI LUTTE VIH/SIDA, ,2004-05-01 00:00:00,2009-12-31 00:00:00,238,National Execution,GOV,Gov Counterpart Institution,2011,0,-725.55
CO,RBA,BEN,34332,Appui à la Réforme Administrative au Bénin, ,2004-05-20 00:00:00,2009-12-31 00:00:00,238,National Execution,GOV,Gov Counterpart Institution,2011,0,-133.24
CO,RBA,BEN,34696,Appui mise en oeuvre Prog. Nat. Gestion Environnement, ,2004-05-25 00:00:00,2009-12-31 00:00:00,238,National Execution,GOV,Gov Counterpart Institution,2011,0,-566.79
CO,RBA,BEN,35059,Appui à l'Assemblée Nationale, ,2004-06-08 00:00:00,2012-12-31 00:00:00,238,National Execution,GOV,Gov Counterpart Institution,2011,251800,228492.87
CO,RBA,BEN,36237,PIMS 3305 EA : SNC Bénin - DCNCC, ,2004-08-05 00:00:00,2012-12-31 00:00:00,238,National Execution,GOV,Gov Counterpart Institution,2011,84748,52828.19
CO,RBA,BEN,36774,Appui RNDH, ,2004-09-22 00:00:00,2008-12-31 00:00:00,238,National Execution,GOV,Gov Counterpart Institution,2011,0,-3645.23
CO,RBA,BEN,36786,Appui OMD DSRP, ,2004-09-23 00:00:00,2011-12-31 00:00:00,238,National Execution,GOV,Gov Counterpart Institution,2011,307000,294596.07
CO,RBA,BEN,39384,Appui aux Partis Politiques  -  TTF,Mise en place d'un Mécanisme de Suivi de la Gouvernance Locale au Bénin (DGTTF 2004),2005-04-01 00:00:00,2005-12-31 00:00:00,235,DIRECT EXECUTION (UNDP),UND,UNDP,2011,0,-1132.47
CO,RBA,BEN,40135,Mécanisme Africain d'Evaluation par les Pairs, ,2005-05-18 00:00:00,2010-12-31 00:00:00,99999,UNDP,UND,UNDP,2011,0,-8278
CO,RBA,BEN,41617,Presse Ecrite, ,2005-04-07 00:00:00,2009-12-31 00:00:00,99999,UNDP,UND,UNDP,2011,0,-112.96
CO,RBA,BEN,42099,ADECOM,Projet d'Appui aux Communes de l'ALIBORI,2005-12-01 00:00:00,2011-12-31 00:00:00,99999,UNDP,UND,UNDP,2011,1,-143.91
CO,RBA,BEN,42419,Elections Présidentielles 2006, ,2005-12-12 00:00:00,2011-12-31 00:00:00,99999,UNDP,UND,UNDP,2011,460.69,460.69
CO,RBA,BEN,43502,Partis Politiques, ,2006-04-03 00:00:00,2006-12-31 00:00:00,235,DIRECT EXECUTION (UNDP),UND,UNDP,2011,0,-281.24
CO,RBA,BEN,44266,Appui aux Chantiers Prioritaires du Gouvernement, ,2006-06-01 00:00:00,2009-12-31 00:00:00,238,National Execution,GOV,Gov Counterpart Institution,2011,0,-11433.57
CO,RBA,BEN,45744,Législatives 2007, ,2006-12-12 00:00:00,2011-12-31 00:00:00,235,DIRECT EXECUTION (UNDP),UND,UNDP,2011,135.72,247.68
CO,RBA,BEN,46021,Réforme Administrative et Institutionnelle,Gouvernance,2007-01-01 00:00:00,2012-12-31 00:00:00,99999,UNDP,UND,UNDP,2011,345000,324058.6
CO,RBA,BEN,46023,Gouvernance Concertée,Projet d'appui à la mise en place d'un mécanisme de gouvernance concertée en République du Bénin.,2007-01-01 00:00:00,2013-12-31 00:00:00,99999,UNDP,UND,UNDP,2011,475084.14,464779.68
CO,RBA,BEN,46750,Appui Développement Commerce,Programme d'Appui au Développement du Commerce,2007-07-15 00:00:00,2011-12-31 00:00:00,239,UNITED NATIONS CONFERENCE ON T,ACY,UN Agency,2011,55001,-31792.47
CO,RBA,BEN,47560,Projet d'Appui du PNUD à la Cellule NEX (PAPCN), ,2007-06-25 00:00:00,2011-12-31 00:00:00,238,National Execution,GOV,Gov Counterpart Institution,2011,1,-3563.22
CO,RBA,BEN,47874,EMPLOI DES JEUNES, ,2007-08-14 00:00:00,2011-12-31 00:00:00,238,National Execution,GOV,Gov Counterpart Institution,2011,125000,107339.59
CO,RBA,BEN,48938,Arts & Métiers Femme,Projet d'Appui au Centre des Arts et Métiers de la Femme de la Commune de Parakou,2007-12-26 00:00:00,2012-12-31 00:00:00,99999,UNDP,UND,UNDP,2011,65000,65407.35
CO,RBA,BEN,49411,Cadre de Protection du Genre,"Appui à l'élaboration d'un cadre de renforcement des meilleures stratégies et pratiques de réhabilitation, de promotion, d'intégration et de protection du Genre.",2008-02-15 00:00:00,2011-09-23 00:00:00,99999,UNDP,UND,UNDP,2011,1,-308.14
CO,RBA,BEN,49778,Renforcement Capacités ANCB, ,2008-03-26 00:00:00,2010-12-31 00:00:00,235,DIRECT EXECUTION (UNDP),UND,UNDP,2011,0,-658.05
CO,RBA,BEN,50636,PACER,Asssitance Préparatoire à la mise en oeuvre du Projet d'Appui à la Croissance Economique Rurale (PACER),2008-08-08 00:00:00,2009-12-31 00:00:00,99999,UNDP,UND,UNDP,2011,0,-9042.37
CO,RBA,BEN,50637,Développement des Capacités, ,2008-07-01 00:00:00,2011-12-31 00:00:00,99999,UNDP,UND,UNDP,2011,203000,175997.01
CO,RBA,BEN,50805,Mise en place de la LEPI,Projet d'assistance préparatoire à la mise en oeuvre du projet d'appui à la  mise en place  de la Liste Electorale Permanente Informatisée,2008-09-01 00:00:00,2012-12-30 00:00:00,99999,UNDP,UND,UNDP,2011,14606837.8,13969308.18
CO,RBA,BEN,51279,PIMS4047 CLIM CHANGE LDCF NAPA,Programme Intégré d'Adaptation pour la Lutte contre les Effets des Changements Climatiques sur la Production Agricole et la Sécurité Alimentaire au Bénin.,2009-01-01 00:00:00,2010-12-31 00:00:00,238,National Execution,GOV,Gov Counterpart Institution,2011,0,-242.44
CO,RBA,BEN,51397,Hydraulique Villageoise, ,2009-01-01 00:00:00,2012-12-31 00:00:00,238,National Execution,GOV,Gov Counterpart Institution,2011,2143264,2128719.84
CO,RBA,BEN,56912,Appui à la Décentralisation, ,2009-01-01 00:00:00,2013-12-31 00:00:00,99999,UNDP,UND,UNDP,2011,132990,131510.68
CO,RBA,BEN,56915,Promotion Entreprenariat Agricole (Songhaï), ,2009-01-01 00:00:00,2014-12-31 00:00:00,99999,UNDP,UND,UNDP,2011,20000,13730.37
CO,RBA,BEN,56916,Appui au Programme 2009-2013, ,2009-01-01 00:00:00,2013-12-31 00:00:00,99999,UNDP,UND,UNDP,2011,934000,903871.83
CO,RBA,BEN,57188,Promotion du Volontariat, ,2009-09-01 00:00:00,2012-12-31 00:00:00,241,United Nations Volunteers Prog,ACY,UN Agency,2011,334350,309667.63
CO,RBA,BEN,57588,APPUI A LA SOCIETE CIVILE ET A LA PRESSE, ,2009-06-15 00:00:00,2012-12-31 00:00:00,238,National Execution,GOV,Gov Counterpart Institution,2011,0,50.8
CO,RBA,BEN,57962,PIMS 2823 BD PPG Benin Sacred Forest,SPWA Incorporation of Sacred Forests into the Protected Areas System of Benin,2009-08-01 00:00:00,2011-12-31 00:00:00,235,DIRECT EXECUTION (UNDP),UND,UNDP,2011,4988.19,4271.54
CO,RBA,BEN,58613,Promotion des Toilettes Publiques, ,2009-11-01 00:00:00,2011-10-31 00:00:00,238,National Execution,GOV,Gov Counterpart Institution,2011,79000,70479.5
CO,RBA,BEN,59395,PIMS 4047 -  CLIMATE CHANGE - LDCF  NAPA, ,2010-01-01 00:00:00,2015-12-31 00:00:00,238,National Execution,GOV,Gov Counterpart Institution,2011,391626,369121.13
CO,RBA,BEN,59407,Appui au CPADD,"The project aims to expand shelter and training capacity for the CPADD so as to meet the demands of multiple stakeholders involved in the anti mines combat in the region.
The main actions under this project are: the increase of CPADD’s infrastructure; r",2010-02-22 00:00:00,2012-12-31 00:00:00,238,National Execution,GOV,Gov Counterpart Institution,2011,1338135.72,1255338.14
CO,RBA,BEN,59414,Appui au Secteur de l'Urbanisme, ,2010-01-01 00:00:00,2013-12-31 00:00:00,238,National Execution,GOV,Gov Counterpart Institution,2011,127623,120616.21
CO,RBA,BEN,60364,Prévention et Contrôle du A/H1N1 au Bénin, ,2010-08-01 00:00:00,2011-07-31 00:00:00,238,National Execution,GOV,Gov Counterpart Institution,2011,125299.9,124769.41
CO,RBA,BEN,60494,MAEP2, ,2010-08-01 00:00:00,2013-12-31 00:00:00,238,National Execution,GOV,Gov Counterpart Institution,2011,205439.64,191097.79
CO,RBA,BEN,60591,PIMS 2823 SPWA-INC. SACRED FORESTS, ,2010-10-01 00:00:00,2015-12-31 00:00:00,238,National Execution,GOV,Gov Counterpart Institution,2011,210573,195858.54
CO,RBA,BEN,60692,Gestion des Réponses aux Inondations, ,2010-10-01 00:00:00,2011-12-31 00:00:00,235,DIRECT EXECUTION (UNDP),UND,UNDP,2011,15362,11643.12
CO,RBA,BEN,61139,Appui aux Elections de 2011, ,2011-01-17 00:00:00,2012-12-31 00:00:00,235,DIRECT EXECUTION (UNDP),UND,UNDP,2011,2186715.16,2180923
CO,RBA,BEN,61195,Projet Villages du Millénaire, ,2011-01-01 00:00:00,2015-07-01 00:00:00,238,National Execution,GOV,Gov Counterpart Institution,2011,490150,464241.87
CO,RBA,BEN,61735,Coordination/Suivi UNDAF 2009, ,2011-01-01 00:00:00,2013-12-31 00:00:00,238,National Execution,GOV,Gov Counterpart Institution,2011,55162.6,48074.31
CO,RBA,BEN,61968,Projet Prioritaire de relèvement suite Inondations 2010, ,2011-06-08 00:00:00,2012-12-31 00:00:00,238,National Execution,GOV,Gov Counterpart Institution,2011,150000,0
CO,RBA,BEN,62496,Appui Developpement Capacités pr réalisation OMD,"Le projet contribuera au double plan stratégique et opérationnel à la réalisation des OMD, le DHD, l’efficacité de l’aide et l’évaluation des politiques publiques.",2011-09-28 00:00:00,2013-12-31 00:00:00,238,National Execution,GOV,Gov Counterpart Institution,2011,386000,376795.56
CO,RBA,BEN,62516,Appui INPF Promotion du Genre, ,2011-10-04 00:00:00,2013-12-31 00:00:00,238,National Execution,GOV,Gov Counterpart Institution,2011,40000,31416.23
CO,RBA,BEN,62713,Prévention & Gestion Inondations,Appui à la Gestion des Crises et Catastrophes Naturelles,2011-10-26 00:00:00,2012-12-31 00:00:00,238,National Execution,GOV,Gov Counterpart Institution,2011,42588.9,40682.36
CO,RBA,BFA,11565,Appui Institutionnel Progr National de Lutte contre Sida,Projet d'appui institutionnel au programme national de luttre contrre le SIDA,1999-01-01 00:00:00,2011-12-31 00:00:00, ,,,,2011,248644.84,241155.29
CO,RBA,BFA,11578,Appui au  Monde Associatif et Communautaire,Programme d'Appui au Monde Associatif et Communautaire (PAMAC),2003-04-01 00:00:00,2011-12-31 00:00:00, ,,,,2011,588263.41,611952.96
CO,RBA,BFA,33364,Programme National Plateformes Multifonctionelles, ,2004-06-01 00:00:00,2015-12-31 00:00:00,320,National Execution,GOV,Gov Counterpart Institution,2011,938160.02,787164.55
CO,RBA,BFA,36132,PIMS 3291 CC AE Auto-Evaluation élaboration projet CC, ,2004-07-01 00:00:00,2011-12-31 00:00:00,320,National Execution,GOV,Gov Counterpart Institution,2011,23000,12976.75
CO,RBA,BFA,43891,PIMS 1617- BD -FULL - Parcs W-Arly- Pendjari (WAP), ,2008-01-01 00:00:00,2013-12-31 00:00:00,327,UN Office for Project Services,ACY,UN Agency,2011,1335180,1402276.35
CO,RBA,BFA,44072,Program Renforcement capacités Institutions Républicaine,"Programme de renforcment des capacités des institutions républicaines, des élections et du genre (PRCIREG)",2006-05-01 00:00:00,2010-12-31 00:00:00,320,National Execution,GOV,Gov Counterpart Institution,2011,0,46069.14
CO,RBA,BFA,44219,"Appui décentralisation,participation citoyenne&Dev.local",Le sous programme Appui à la décentralisation et à la participation citoyenne a pour objectifs stratégiques : le parachèvement du cadre juridique de mise en œuvre de la décentralisation et l'appui accompagnement du développement des communes,2006-11-21 00:00:00,2011-12-31 00:00:00,320,National Execution,GOV,Gov Counterpart Institution,2011,387483.09,386517.88
CO,RBA,BFA,44231,Mise en oeuvre Mécanisme Africain d'Eval. par les Pairs, ,2006-01-01 00:00:00,2010-12-31 00:00:00,320,National Execution,GOV,Gov Counterpart Institution,2011,0,-90.38
CO,RBA,BFA,44232,"""Système et processus électoraux""",Apporter un appui aux processus et systèmes électoraux du Burkina Faso,2006-01-01 00:00:00,2011-12-31 00:00:00,320,National Execution,GOV,Gov Counterpart Institution,2011,200,477.37
CO,RBA,BFA,44234,Systématisation du genre dans les progr/projets CPAP, ,2006-01-01 00:00:00,2011-12-31 00:00:00,320,National Execution,GOV,Gov Counterpart Institution,2011,60485,59272.31
CO,RBA,BFA,44280,Proj Renforc Gouvern Admi - Polit Nation Bon Gouvernance,Projet de Renforcement de la Gouvernance Administrative et de coordination de la Politique Nationale de Bonne Gouvernance,2006-01-01 00:00:00,2011-12-31 00:00:00,320,National Execution,GOV,Gov Counterpart Institution,2011,0,193.36
CO,RBA,BFA,44306,Projet de Renforcement de la Gouvernance Economique,Projet de Renforcement de la Gouvernance Economique,2006-01-01 00:00:00,2011-12-31 00:00:00,320,National Execution,GOV,Gov Counterpart Institution,2011,137304,134555.71
CO,RBA,BFA,44395,Amélioration revenus et  Petite Irrigation,Amélioration revenus et sécurité alimentaire- petite  Irrigation,2006-07-01 00:00:00,2010-12-31 00:00:00,320,National Execution,GOV,Gov Counterpart Institution,2011,0,47734.07
CO,RBA,BFA,44399,Programme de Gestion Durable des Ressources Naturelles, ,2006-07-01 00:00:00,2012-12-31 00:00:00,320,National Execution,GOV,Gov Counterpart Institution,2011,164373,140068.2
CO,RBA,BFA,44615,Promotion et protection des Droits Humains-Action 2,Promotion et protection des Droits Humains au Burkina Faso -Action 2 «,2006-07-18 00:00:00,2011-12-31 00:00:00,99999,UNDP,UND,UNDP,2011,172.15,172.15
CO,RBA,BFA,44934,PNV - Programme National de Volontariat au Burkina, ,2006-01-01 00:00:00,2012-12-31 00:00:00,3759,Programme des Volontaires des,AGY,UN Agency,2011,108000,86730.79
CO,RBA,BFA,46503,Amélioration revenus& Produits forestiers non ligneux,Amélioration de  revenus et Sécurité alimentaire pour les groupes vulnérables - Composante Produits forestiers non ligneux.,2007-01-01 00:00:00,2011-12-31 00:00:00,320,National Execution,GOV,Gov Counterpart Institution,2011,3909.69,3994.05
CO,RBA,BFA,47176,Projet Accélération de l'atteinte des OMD, ,2007-01-01 00:00:00,2012-12-31 00:00:00,320,National Execution,GOV,Gov Counterpart Institution,2011,3966,0
CO,RBA,BFA,47390,Fond Mondial Tuberculose PAMAC, ,2007-06-04 00:00:00,2011-12-31 00:00:00,320,National Execution,GOV,Gov Counterpart Institution,2011,1271.13,1233.81
CO,RBA,BFA,47474,Programme de Renforcement du Secteur de la Microfinance,Le PRESEM a comme objectif de développement de favoriser l'accès à des services de microfinance viables et pérennes à une majorité de ménages,2007-10-01 00:00:00,2013-12-31 00:00:00,320,National Execution,GOV,Gov Counterpart Institution,2011,271837,226818.1
CO,RBA,BFA,47521,Activités de communication et de plaidoyer,Activités de communication et depalidoyer du Programme des Nations Unies pour le Développement,2007-01-01 00:00:00,2012-03-31 00:00:00,99999,UNDP,UND,UNDP,2011,50000,47142.52
CO,RBA,BFA,47776,Projet Renforceme capacité direction général coopération,Projet de Renforcement des Capacités de la Direction Générale de la Coopération (PRC-DGCOOP) dans la coordination et le suivi de la gestion des projets et programmes de développement,2007-01-01 00:00:00,2011-12-31 00:00:00,320,National Execution,GOV,Gov Counterpart Institution,2011,195186.49,179884.92
CO,RBA,BFA,48680,Fonds Mondial Sida Round 6, ,2007-12-04 00:00:00,2012-12-31 00:00:00,320,National Execution,GOV,Gov Counterpart Institution,2011,1241348,1202311.33
CO,RBA,BFA,48779,Appui danois VIH/Sida PAMAC phase2 -2007-2010, ,2007-12-08 00:00:00,2012-12-31 00:00:00,320,National Execution,GOV,Gov Counterpart Institution,2011,2267145.57,1982987.32
CO,RBA,BFA,50034,Projet de renforcement des capacités des OSC au BF, ,2008-01-01 00:00:00,2011-12-31 00:00:00,320,National Execution,GOV,Gov Counterpart Institution,2011,18200,22179.1
CO,RBA,BFA,50279,Programme National Plateformes Multifonctionnelles/GATE, ,2008-05-01 00:00:00,2012-12-31 00:00:00,320,National Execution,GOV,Gov Counterpart Institution,2011,1308386.33,864414.27
CO,RBA,BFA,50329,Fonds Mondial Paludisme PAMAC, ,2008-06-23 00:00:00,2012-12-31 00:00:00,320,National Execution,GOV,Gov Counterpart Institution,2011,442269.78,412397.34
CO,RBA,BFA,50677,PASS - Appui au secteur santé et Sida, ,2008-08-15 00:00:00,2012-12-31 00:00:00,320,National Execution,GOV,Gov Counterpart Institution,2011,46902.12,42659.9
CO,RBA,BFA,50736,Projet d'appui à la promotion de l'emploi et à la FP, ,2008-09-01 00:00:00,2012-12-31 00:00:00,320,National Execution,GOV,Gov Counterpart Institution,2011,473150.52,427789.21
CO,RBA,BFA,51237,Projet de crédit de la Commune de Dori,"Le projet de micro crédit de la commune de Dori est un service de proximité dont la zone d'intervention est la commune de Dori, située dans la région du Sahel du Burkina Faso",2008-11-01 00:00:00,2011-12-31 00:00:00,320,National Execution,GOV,Gov Counterpart Institution,2011,8263.28,8165.17
CO,RBA,BFA,51349,Appui au renforcement des capacités de la CUEMOA,Projet d'Appui au Renforcement des Capacités de la Commission de l'Union  Economique et Monétaire Ouest Africaine,2009-01-01 00:00:00,2012-12-31 00:00:00,99999,UNDP,UND,UNDP,2011,1362069,1015821.65
CO,RBA,BFA,56535,Appui à la coordination du Système des Nations Unies/BFA, ,2009-01-01 00:00:00,2012-12-31 00:00:00,99999,UNDP,UND,UNDP,2011,8587.59,8652.12
CO,RBA,BFA,57453,Renforcement de la sécurité urbaine à Ouagadougou,Programme conjoint de Renforcement de la sécurité urbaine à Ouagadougou,2009-01-01 00:00:00,2013-12-31 00:00:00,320,National Execution,GOV,Gov Counterpart Institution,2011,1245067.62,1203313.03
CO,RBA,BFA,57467,PIMS 3978 CC  LDCF NAPA BKF, ,2009-06-01 00:00:00,2013-12-31 00:00:00,320,National Execution,GOV,Gov Counterpart Institution,2011,827115,625649.15
CO,RBA,BFA,57548,Appui aux Communes Rurales et Initiatives Intercommunes,Le projet d'Appui aux communes rurales et aux initiatives intercommunautaires vise le renforcement de la bonne gouvernance dans le respect des droits humains dans la zone d'intervention,2009-01-01 00:00:00,2013-12-31 00:00:00,320,National Execution,GOV,Gov Counterpart Institution,2011,316506,224588.35
CO,RBA,BFA,57661,Adaptation aux changements climatiques, ,2009-06-01 00:00:00,2012-12-31 00:00:00,320,National Execution,GOV,Gov Counterpart Institution,2011,209153.76,168887.51
CO,RBA,BFA,58088,Appui à la promotion et protect°. des DH au Burkina Faso, ,2009-06-01 00:00:00,2010-12-31 00:00:00,320,National Execution,GOV,Gov Counterpart Institution,2011,0,9229.61
CO,RBA,BFA,58092,Dévelopement des capacités en adaptation aux CC- Japon, ,2009-08-01 00:00:00,2012-12-31 00:00:00,320,National Execution,GOV,Gov Counterpart Institution,2011,1101212.88,866651.51
CO,RBA,BFA,58280,Emergency Response, ,2009-09-10 00:00:00,2012-12-31 00:00:00,99999,UNDP,UND,UNDP,2011,2.14,-60.1
CO,RBA,BFA,58308,PIMS 3968 LD National Coordination Subprogram - CPP, ,2009-01-01 00:00:00,2014-12-31 00:00:00,320,National Execution,GOV,Gov Counterpart Institution,2011,417442.93,328242.36
CO,RBA,BFA,58338,Renforcement Capacités Nationales Gestion Catastrophes, ,2009-09-26 00:00:00,2013-12-31 00:00:00,320,National Execution,GOV,Gov Counterpart Institution,2011,359749.95,292099.14
CO,RBA,BFA,59371,PIMS 4227 CC PPG Burkina Faso Promotion of Jatropha, ,2010-04-01 00:00:00,2011-12-31 00:00:00,99999,UNDP,UND,UNDP,2011,25000,14351.24
CO,RBA,BFA,59432,Secrétariat de laTroïka des partenaires au développement, ,2010-02-23 00:00:00,2013-12-31 00:00:00,99999,UNDP,UND,UNDP,2011,240696.03,85443.18
CO,RBA,BFA,59616,PIMS 3969 LD Boucle du Mouhoun - CPP, ,2010-01-01 00:00:00,2015-12-31 00:00:00,320,National Execution,GOV,Gov Counterpart Institution,2011,144200,140499.81
CO,RBA,BFA,59798,PIMS 4298 BD Burkina Zones tampon et AP, ,2010-05-01 00:00:00,2011-12-31 00:00:00,99999,UNDP,UND,UNDP,2011,47950,39040.12
CO,RBA,BFA,59960,PIMS 3970 LD Centre Ouest - CPP, ,2010-01-01 00:00:00,2015-12-31 00:00:00,320,National Execution,GOV,Gov Counterpart Institution,2011,52340,0
CO,RBA,BFA,60110,Fonds Mondial Tuberculose Round 8 PAMAC, ,2010-04-21 00:00:00,2012-12-31 00:00:00,320,National Execution,GOV,Gov Counterpart Institution,2011,533350.47,508305.72
CO,RBA,BFA,62127,Projet Renforcement Gouvernance Economique,Programme de Renforcement de la Gouvernance/Volet Gouvernance Economique (PRGECO),2011-01-01 00:00:00,2015-12-31 00:00:00,320,National Execution,GOV,Gov Counterpart Institution,2011,278600,213456.86
CO,RBA,BFA,62180,Gouvernance Locale et Administrative,Projet de Renforcement de la Gouvernance Locale et Administrative,2011-01-01 00:00:00,2015-12-31 00:00:00,320,National Execution,GOV,Gov Counterpart Institution,2011,381900,298048.49
CO,RBA,BFA,62276,Appui au Monde Associatif et Communautaire Phase 3, ,2011-08-01 00:00:00,2015-12-31 00:00:00,320,National Execution,GOV,Gov Counterpart Institution,2011,514957.28,332908.42
CO,RBA,BFA,62390,Appui au Conseil National de Lutte contre le SIDA,Projet d’Appui Institutionnel au Secrétariat Permanent du Conseil National de Lutte contre le Sida et les Infections Sexuellement Transmissibles (SP/CNLS-IST)  2011-2015.  Budget estimatif  : 3 015 000 $ US.,2011-01-01 00:00:00,2015-12-31 00:00:00,320,National Execution,GOV,Gov Counterpart Institution,2011,223339.16,173864.86
CO,RBA,BFA,62580,Programme gouvernance - Sous Composante Politique, ,2011-01-01 00:00:00,2015-12-31 00:00:00,320,National Execution,GOV,Gov Counterpart Institution,2011,61000,44301.77
CO,RBA,BFA,62761,Consolidation Gouvernance Environnementale Locale,"L’objectif  du projet est de renforcer au sein des collectivités territoriales, les capacités des acteurs publics et privés à gérer efficacement les risques et les opportunités liés aux changements",2011-10-28 00:00:00,2015-12-31 00:00:00,320,National Execution,GOV,Gov Counterpart Institution,2011,94500,93619.66
CO,RBA,BWA,11626,ENVIRONMENT PROGRAMME,SUPPORT TO THE ENVIRONMENT PROGRAMME,1997-03-01 00:00:00,2011-12-31 00:00:00, ,,,,2011,9771,45.09
CO,RBA,BWA,11627,Management of Indigenous Vegetation,PIMS 942 BD FSP: Management of Indigenous Vegetation for the Rehabilitation of Degraded Rangelands in the Arid Zone of Africa,2000-01-01 00:00:00,2012-12-31 00:00:00, ,,,,2011,0,-886.33
CO,RBA,BWA,11630,REPORDUCTIVE HEALTH & PROMOTION OF SAFER SEX,TOWARDS IMPROVED REPRODUCTIVE HEALTH AND PROMOTION OF SAFER SEX AMONG YOUNG PEOPLE IN BOTSWANA,2000-06-01 00:00:00,2011-12-31 00:00:00, ,,,,2011,67,67.4
CO,RBA,BWA,11633,HIV AND AIDS,STRENGTHNING CAPACITY FOR GENDER SENSITIVE MULTI-SECTORAL RESPONSE TO HIV AND AIDS IN BOTSWANA,2003-10-01 00:00:00,2012-12-31 00:00:00, ,,,,2011,283537.92,-3448.96
CO,RBA,BWA,33321,Teacher Capacity Building for HIV/AIDS prevention,"The program will bring together Brazilian communications experts, Batswana educators and media professionals to build interactive multi-media communications capacity for distance education.",2004-01-01 00:00:00,2011-12-31 00:00:00,412,National Execution,GOV,Gov Counterpart Institution,2011,16076.65,14419.82
CO,RBA,BWA,33445,ENVIRONMENT SUPPORT PROGRAMME, ,2004-01-01 00:00:00,2010-12-31 00:00:00,412,National Execution,GOV,Gov Counterpart Institution,2011,143400,128891.33
CO,RBA,BWA,33607,Common Services, ,2004-01-01 00:00:00,2020-12-31 00:00:00,417,UNDP (Direct Execution),UND,UNDP,2011,206119.07,190020.33
CO,RBA,BWA,34459,Poverty PAD, ,2004-01-01 00:00:00,2010-12-31 00:00:00,412,National Execution,GOV,Gov Counterpart Institution,2011,0,32613.92
CO,RBA,BWA,35137,SUPPORT TO NATIONAL GENDER PROGRAMME, ,2004-01-01 00:00:00,2011-12-31 00:00:00,412,National Execution,GOV,Gov Counterpart Institution,2011,83632.82,80226.18
CO,RBA,BWA,36350,Renewable Energy-based Rural Electrification in Botswana,"PIMS 1771 CC FSP: Solar PV

Full-Size Project: Renewable Energy-Based Rural Electrification Programme For Botswana",2005-10-04 00:00:00,2013-12-31 00:00:00,412,National Execution,GOV,Gov Counterpart Institution,2011,204212.18,79345.09
CO,RBA,BWA,37684,Second Climate Change National Communition  Report,"PIMS 3358 CC EA: Botswana SNC for UNFCCC

Enabling Activities for the Preparation of Botswana’s Second National Communication to UNFCCC",2005-01-01 00:00:00,2013-12-31 00:00:00,412,National Execution,GOV,Gov Counterpart Institution,2011,122827,10629.39
CO,RBA,BWA,37688,Non-Motorized Transport Facilities in Gaborone City of,PIMS 2841 CC MSP: Incorporating Non-Motorized Transport into the City of Gaborone,2005-01-01 00:00:00,2012-12-31 00:00:00,412,National Execution,GOV,Gov Counterpart Institution,2011,47452.76,-1706.47
CO,RBA,BWA,43119,Sustainable Use of Biodiversity in Okavango Delta,"PIMS 2028 BD FSP: Bot Wetlands

Building Local Capacity for Conservation and Sustainable Use of Biodiversity in the Okavango Delta",2006-02-12 00:00:00,2012-12-31 00:00:00,413,Non-Governmental Organisation,NGL,Local NGO,2011,317348.8,328095.17
CO,RBA,BWA,45034,MDG Based Strategies in Botswana,Support for MDG Based strategies in Botswana,2006-09-08 00:00:00,2007-12-31 00:00:00,410,Ministry Of Finance And Develo,GOV,Gov Counterpart Institution,2011,0,-21.34
CO,RBA,BWA,45232,Governance Programme,National Governance Programme,2006-10-05 00:00:00,2013-12-31 00:00:00,412,National Execution,GOV,Gov Counterpart Institution,2011,650694.93,-171281.82
CO,RBA,BWA,45537,Integrated Water Resources Management for Southern Afric,PIMS 3362 IW MSP:Integrated Water Resources Management,2009-01-01 00:00:00,2012-12-31 00:00:00,413,Non-Governmental Organisation,NGL,Local NGO,2011,483455.67,287849.5
CO,RBA,BWA,50137,Partnership for Enhancing Protected-area Sustainability,PIMS 3984 BD MSP: Partnership for Sustainability of PAs,2009-01-01 00:00:00,2012-12-31 00:00:00,412,National Execution,GOV,Gov Counterpart Institution,2011,356042,281238.69
CO,RBA,BWA,50278,Programme Support for the Implementation of the NSPR-II,Programme Support for the Implementation of the National Strategy for Poverty Reduction (Phase II),2008-07-01 00:00:00,2010-12-31 00:00:00,410,Ministry Of Finance And Develo,GOV,Gov Counterpart Institution,2011,165596,129193.89
CO,RBA,BWA,59724,Community Capacity for NRM & Benefit Acquisition,"Enhanced community capacity for natural resources and ecosystem management, and benefit distribution",2010-01-01 00:00:00,2016-12-31 00:00:00,412,National Execution,GOV,Gov Counterpart Institution,2011,79500,21996.18
CO,RBA,BWA,59727,Climate Change Adatation & Mitigation Capacity at Nation,Enhanced national capacity for climate change adaptation and mitigation,2010-01-01 00:00:00,2014-12-31 00:00:00,412,National Execution,GOV,Gov Counterpart Institution,2011,373025,89909.08
CO,RBA,BWA,59811,Environment Policies for Sustainable Development,Inclusive policy and institutional environment for sustainable natural resources management,2010-01-01 00:00:00,2014-12-31 00:00:00,412,National Execution,GOV,Gov Counterpart Institution,2011,234304.39,52783.55
CO,RBA,BWA,60224,Trade and Private sector Development, ,2010-01-01 00:00:00,2014-12-31 00:00:00,412,National Execution,GOV,Gov Counterpart Institution,2011,454982,114682.09
CO,RBA,BWA,60225,Governance of HIV and AIDS,"The project will produce products and serves that strengthen the capacity of institutions to respond to HIV and AIDS.  The key areas of focus are:
-  Institutional capacity strengthening integrading HIV and AIDS into development processess.",2010-06-01 00:00:00,2014-12-30 00:00:00,412,National Execution,GOV,Gov Counterpart Institution,2011,1933952.43,1445692.5
CO,RBA,BWA,60421,"Strengthened, accountable & responsive institutions", ,2010-01-01 00:00:00,2016-12-31 00:00:00,412,National Execution,GOV,Gov Counterpart Institution,2011,795100,233654
CO,RBA,BWA,60423,Strengthened Human Rights Institutions,Strengthened human rights institutions,2010-01-01 00:00:00,2016-12-31 00:00:00,412,National Execution,GOV,Gov Counterpart Institution,2011,472000,189125.71
CO,RBA,BWA,60425,Gender Mainstreamed in National Laws and Policies,"Strengthened Human Rights institutions for enhanced equality(by Gender,minority and socio-economic status ) and specific vulnerable groups",2010-01-01 00:00:00,2016-12-31 00:00:00,412,National Execution,GOV,Gov Counterpart Institution,2011,425500,254131.96
CO,RBA,BWA,60430,Enhanced Disaster Risk Reduction and Preparedness,Enhanced Disaster Risk Reduction and Preparedness capacities at all levels,2010-01-01 00:00:00,2016-12-31 00:00:00,412,National Execution,GOV,Gov Counterpart Institution,2011,191800,142518.81
CO,RBA,BWA,60432,Inclusive Pro-poor Development Policies,The project aims to produce four broad outputs in four broad areas: access to financial services and other productive resources; institutional capacity for pro-poor policies; mainstreaming poverty into development processes; and social Protection,2010-08-16 00:00:00,2014-12-31 00:00:00,410,Ministry Of Finance And Develo,GOV,Gov Counterpart Institution,2011,534386.82,194674.54
CO,RBA,BWA,60450,Local Economic Development, ,2010-08-18 00:00:00,2014-12-31 00:00:00,411,Ministry of Local Government,UND,UNDP,2011,346199.64,43216.75
CO,RBA,CAF,11765,Assist. pour la Prise Charge Globale des PVIH,Assistance pour le renforcement de la prise en charge globale des personnes vivant avec le VIH/SIDA en RCA,2004-01-01 00:00:00,2010-12-31 00:00:00, ,,,,2011,2499000,-548148.38
CO,RBA,CAF,31381,GOUVERNANCE DEMOCRATIQUE,Appui Institutionnel à la Gouvernance Démocratique,2004-02-15 00:00:00,2011-12-31 00:00:00,519,National Execution,GOV,Gov Counterpart Institution,2011,146,145.05
CO,RBA,CAF,33178,Réinsertion des ex-combattants et Appui aux Communautés,Réinsertion des ex-combattants et Appui aux Communautés,2004-03-03 00:00:00,2007-12-31 00:00:00,524,United Nations Dev.Programme (,UND,UNDP,2011,203,6.29
CO,RBA,CAF,38557,Renforcement de la prise en charge globale des OEV,Renforcement de la prise en charge globale des Orphelins et autres Enfants Vulnérables en République Centrafricaine,2005-01-01 00:00:00,2012-12-31 00:00:00,524,United Nations Dev.Programme (,UND,UNDP,2011,223132,-3787.39
CO,RBA,CAF,38558,Renforcement de la lutte contre la Tuberculose,Renforcement de la lutte contre la Tuberculose en République Centrafricaine.,2005-01-01 00:00:00,2011-12-31 00:00:00,524,United Nations Dev.Programme (,UND,UNDP,2011,339625,73224.04
CO,RBA,CAF,39844,Faire réculer le Paludisme en République Centrafricaine,Faire réculer le Paludisme en République Centrafricaine,2005-05-01 00:00:00,2011-04-30 00:00:00,524,United Nations Dev.Programme (,UND,UNDP,2011,82396,185979.05
CO,RBA,CAF,40089,Lutte contre dégrad.-Terres- PIMS3381,PIMS 3381 - LD -LDC/SIDS MSP Renforcement des capacités juridico institutionnelles de lutte contre la déforestation et la dégradation des Terres en République Centrafricaine.,2006-01-01 00:00:00,2012-06-30 00:00:00,519,National Execution,GOV,Gov Counterpart Institution,2011,77099.96,47816.71
CO,RBA,CAF,41664,ANCR-2-PIMS 2682,PIMS 2682 CDAC EA : Autoévaluation des Besoins de Capacités pour la Gestion de l'Environnement au niveau Mondial et National de la République Centrafricaine.,2005-09-01 00:00:00,2008-12-31 00:00:00,519,National Execution,GOV,Gov Counterpart Institution,2011,0,-4563.47
CO,RBA,CAF,43484,Contrôle et Réduction des armes lègères,Contrôle et Réduction des armes légères.,2006-04-01 00:00:00,2012-12-31 00:00:00,99999,UNDP,UND,UNDP,2011,77155.4,76566.15
CO,RBA,CAF,43620,PRASEJ,Appui à la Sécurité Juridique pour le Développement au Système Judiciaire et aux Droits Humains (PRASEJ),2006-04-01 00:00:00,2011-12-31 00:00:00,99999,UNDP,UND,UNDP,2011,4669.82,4488.81
CO,RBA,CAF,47050,Projet d'appui à la réhabilitation  des capacités,"Projet d'appui à la réhabilitation des capacités des sutructures administratives dans la planification Economique, à travers la fournitures d'experts VNU (comptabilité nationale, suivi/évaluation, politique sectorielle pour le suivi du DSRP.",2007-01-01 00:00:00,2011-12-31 00:00:00,99999,UNDP,UND,UNDP,2011,348.93,-336.58
CO,RBA,CAF,47219,EMERGENCY PROGRAMME,Support to people in areas affected by conflicts,2007-05-10 00:00:00,2012-12-31 00:00:00,99999,UNDP,UND,UNDP,2011,436614.68,434909.42
CO,RBA,CAF,48940,Réforme du Secteur sécuritaire,Réforme du Secteur sécuritaire,2008-01-01 00:00:00,2011-12-31 00:00:00,99999,UNDP,UND,UNDP,2011,7919.47,7919.47
CO,RBA,CAF,49147,APPUI A L’EMERGENCE D’UN SECTEUR FINANCIER INCLUSIF,PROGRAMME D’APPUI A L’EMERGENCE D’UN SECTEUR FINANCIER INCLUSIF EN RCA (PAE/SFI),2007-01-01 00:00:00,2012-12-31 00:00:00,524,United Nations Dev.Programme (,UND,UNDP,2011,731003.47,723477.32
CO,RBA,CAF,49912,Etat de Droit basé sur la Justice et la Sécurité,Programme de renforcement  des capacités des institutions garantes de l'Etat de Droit  et l'accès à la Justices et la sécurité publique au niveau communautaire.,2008-04-12 00:00:00,2011-12-31 00:00:00,99999,UNDP,UND,UNDP,2011,2559617.55,2379142.27
CO,RBA,CAF,50049,Programme conjoint ERF/CHF,Programme conjoint humanitaire relatif au ERF/CHF en République Centrafricaine,2008-05-01 00:00:00,2011-12-31 00:00:00,99999,UNDP,UND,UNDP,2011,3,0.85
CO,RBA,CAF,50140,Réduction Impact  VIH sur le dév. Humain,Assistance préparatoire accélération lutte contre le VIH à travers la réduction de l'impact sur le développement humain en RCA.,2008-05-23 00:00:00,2012-12-31 00:00:00,99999,UNDP,UND,UNDP,2011,146000,117879.98
CO,RBA,CAF,50184,Cadre Intégré,Cadre Intégré : intégration de la Centrafrique dans le commerce international,2008-05-29 00:00:00,2011-12-31 00:00:00,99999,UNDP,UND,UNDP,2011,1,38656.45
CO,RBA,CAF,50263,Promotion de l'environnement et du développement durable,PIMS 2682 CDAC EA : Autoévaluation des Besoins de Capacités pour la Gestion de l'Environnement au niveau Mondial et National de la République Centrafricaine.,2008-06-11 00:00:00,2012-12-31 00:00:00,519,National Execution,GOV,Gov Counterpart Institution,2011,301911,303071.56
CO,RBA,CAF,50553,EMERGENCY PROGRAMME CERF 2008,CERF project in support to population in the areas affected by conflicts,2008-07-01 00:00:00,2011-12-31 00:00:00,99999,UNDP,UND,UNDP,2011,1,-11.53
CO,RBA,CAF,56722,Appui au réseau des femmes leaders,Appui au réseau des femmes leaders des zones de conflit pour la promotion et la protection des droits de la femme et de son autonomisation,2009-01-01 00:00:00,2012-12-31 00:00:00,99999,UNDP,UND,UNDP,2011,10444.34,-5513.32
CO,RBA,CAF,56723,Appui à la formation des jeunes affectés par les conflit,Appui à la formation des jeunes affectés par les conflits,2009-01-01 00:00:00,2010-12-31 00:00:00,99999,UNDP,UND,UNDP,2011,35929.82,35929.59
CO,RBA,CAF,57327,Mise en oeuvre  programme DDR,Mise en oeuvre du programme DDR en République Centrafricaine,2009-04-28 00:00:00,2013-12-31 00:00:00,99999,UNDP,UND,UNDP,2011,2565893.41,1164656.61
CO,RBA,CAF,57374,CAR CHF PROGRAMME, ,2009-01-01 00:00:00,2012-12-31 00:00:00,99999,UNDP,UND,UNDP,2011,11224850.91,8529135.96
CO,RBA,CAF,57617,GEF : PIMS 4184 BD PPG Strengthening RCA Protected Areas,GEF : PIMS 4184 BD PPG Strengthening RCA Protected Areas System,2009-01-01 00:00:00,2011-12-31 00:00:00,99999,UNDP,UND,UNDP,2011,7488.73,7454.95
CO,RBA,CAF,58026,RELANCE ACTIVITE AGRO-PASTORALE,RELANCE DES ACTIVITES AGRO-PASTORALES,2009-08-01 00:00:00,2011-12-31 00:00:00,99999,UNDP,UND,UNDP,2011,210018.29,210017.73
CO,RBA,CAF,58027,Relance socio-economique des populations,Relance socio-economique des personnes deplacées,2009-08-01 00:00:00,2010-12-31 00:00:00,99999,UNDP,UND,UNDP,2011,65871.15,65905.97
CO,RBA,CAF,58736,Projet d'Appui au Cycle Electoral RCA 2010,Assistance Préparatoire au Processus Electoral 2010,2009-12-03 00:00:00,2011-12-31 00:00:00,99999,UNDP,UND,UNDP,2011,208836.76,-2619456.66
CO,RBA,CAF,59165,CAR PBF Secretariat Budget in Bangui,Projet de Fonctionnement du Secrétariat du Fonds de Consolidation de la Paix et Renforcement des Capacités des Partenaires,2010-01-01 00:00:00,2011-12-31 00:00:00,99999,UNDP,UND,UNDP,2011,558449.52,312802.71
CO,RBA,CAF,59189,PROGRAMME ARCAD, ,2010-01-01 00:00:00,2011-12-31 00:00:00,99999,UNDP,UND,UNDP,2011,1391531,1397562.3
CO,RBA,CAF,59571,Appui au CSRDPI,Appui au Comité de suivi des Recommandations du dialogue politique inclusif,2010-03-16 00:00:00,2011-12-31 00:00:00,99999,UNDP,UND,UNDP,2011,31728.15,31728.15
CO,RBA,CAF,59620,Programme Cadre Gouvernance Démocratique,"Programme cadre Gouvernance Démocratique en appui aux istitutions de la République : HCD, HCC, Assemblée Nationale, Organisations de la Société Civile,Cour Constitutionnelle, Cour des Comptes, Conseil Economique et Social.",2010-03-23 00:00:00,2013-12-31 00:00:00,99999,UNDP,UND,UNDP,2011,878923.91,807153.25
CO,RBA,CAF,60697,Assistance Electorale 2010 - 2011, ,2010-05-01 00:00:00,2011-12-31 00:00:00,99999,UNDP,UND,UNDP,2011,8571190.35,8361879.56
CO,RBA,CAF,61071,COMBAT  EFFECTS OF CLIMATE CHANGE ON AGRIC.IN CAR,Combattre les effets néfastes des changements climatiques sur la production agricole et la sécurité alimentaire en République Centrafricaine.,2011-03-18 00:00:00,2014-12-31 00:00:00,524,United Nations Dev.Programme (,UND,UNDP,2011,140000,75657.69
CO,RBA,CIV,13140,Appui au Développement humain,Programme d'appui à l'opérationnalisation et à l'internalisation du DHD,2002-06-30 00:00:00,2013-12-31 00:00:00, ,,,,2011,50000,5883.61
CO,RBA,CIV,13145,PASU-SECURITE URBAINE,APPUI A LA SECURITE URBAINE A ABIDJAN (Phase métropolitaine),2002-11-30 00:00:00,2012-12-31 00:00:00, ,,,,2011,487084.28,421587.17
CO,RBA,CIV,13153,Global fund Composante VIH/SIDA,Renforcement de la réponse nationale face au VIH/SIDA,2003-12-01 00:00:00,2012-12-31 00:00:00, ,,,,2011,27070,-111.41
CO,RBA,CIV,34365,GFATM - Tuberculose,Reinforcement of Care for Tuberculosis according the DOTS Strategy (Round 3),2004-04-01 00:00:00,2011-12-31 00:00:00,1625,UNITED NATIONS DEVELOPMENT PRO,UND,UNDP,2011,4184,3436.3
CO,RBA,CIV,34401,PERENISATION CANTINES SCOLAIRES V2,PERENISATION CANTINES SCOLAIRES par l'appui aux organisations feminines de poroduction pour assurer le ravitaillement des cantines,2004-04-01 00:00:00,2012-12-31 00:00:00,1625,UNITED NATIONS DEVELOPMENT PRO,UND,UNDP,2011,707158,660432.67
CO,RBA,CIV,37067,Appui à la Démobilisation à l' EST - France,Appui à la démobilisation desarmement réinsertionn en zone est soutenu par la France,2004-12-15 00:00:00,2010-12-31 00:00:00,1625,UNITED NATIONS DEVELOPMENT PRO,UND,UNDP,2011,0,-2131.72
CO,RBA,CIV,40581,DDR and Small Arms - Danemark,"Danish Contribution to Disarmament, Demobilisation and Reinsertion DDR and Small Arms Programme in Côte d'Ivoire",2005-06-23 00:00:00,2012-12-31 00:00:00,1625,UNITED NATIONS DEVELOPMENT PRO,UND,UNDP,2011,63000,62949.97
CO,RBA,CIV,40970,FAPE & Elections observers-closed projects-TF adjustment,FAPE & Elections observers-closed projects-TF adjustment,2004-01-01 00:00:00,2012-12-31 00:00:00,1628,UN Office for Project Services,ACY,UN Agency,2011,240001,249332.2
CO,RBA,CIV,44016,COOPERATION DECENTRALISEE,Appui à la coopération decentralisée en appui aux efforts des collectivités territoriales,2006-05-04 00:00:00,2012-12-31 00:00:00,1622,National Execution,GOV,Gov Counterpart Institution,2011,50000,30017.35
CO,RBA,CIV,44479,Appui Ministère Famille,Appui Institutionnel au Minstère de la famille et des affaires sociales,2006-06-20 00:00:00,2012-12-31 00:00:00,1622,National Execution,GOV,Gov Counterpart Institution,2011,92000,87148.87
CO,RBA,CIV,45426,APPUI A LA RELANCE DE LA PROSPECTIVE,APPUI A LA RELANCE DE LA PROSPECTIVE ET LA MISE EN PLACE D'UN MECANISME NATIONAL DE VEILLE STRATEGIQUE,2006-11-03 00:00:00,2012-12-31 00:00:00,99999,UNDP,UND,UNDP,2011,289897,179812.8
CO,RBA,CIV,45428,Appui post-crise à la restructuration de l'école,Appui institutionnel à la restauration de l'école dans le contexte de crise,2006-11-03 00:00:00,2011-12-31 00:00:00,1620,Direct Execution,UND,UNDP,2011,56710,51848.24
CO,RBA,CIV,47121,"PROJET D'APPUI NUTRITIONNEL, MEDICAL ET ASSISTANCE","PROJET D'APPUI NUTRITIONNEL, MEDICAL ET ASSISTANCE HUMANITAIRE",2007-04-25 00:00:00,2011-12-31 00:00:00,1620,Direct Execution,UND,UNDP,2011,33501,2044.9
CO,RBA,CIV,47369,Appui au reseau d'échanges d'info sécuritaire-RECIS,Projet CERF d' Appui au reseau d'échanges d'info sécuritaire-RECIS,2007-01-01 00:00:00,2011-12-31 00:00:00,99999,UNDP,UND,UNDP,2011,1,4347.21
CO,RBA,CIV,47411,RECONSTITUTION DES RESSOURCES GENETIQUES,RECONSTITUTION DES RESSOURCES GENETIQUES ALIMENTAIRES EN CI,2007-06-06 00:00:00,2012-12-31 00:00:00,1622,National Execution,GOV,Gov Counterpart Institution,2011,50062.81,4967.73
CO,RBA,CIV,47688,YOUTH PROGRAMME COTE D'IVOIRE,YOUTH REINSERTION IN A POST CONFLICT PERIOD,2007-07-11 00:00:00,2011-12-31 00:00:00,1625,UNITED NATIONS DEVELOPMENT PRO,UND,UNDP,2011,15338,7027.87
CO,RBA,CIV,47830,Programme d'Appui au Processus Electoral,Programme d'Appui au Processus Electoral,2008-02-01 00:00:00,2012-12-31 00:00:00,1620,Direct Execution,UND,UNDP,2011,13186066.68,12135729.08
CO,RBA,CIV,48028,APPUI AU BUREAU DU RS DU FACILITATEUR,Appui au Bureau du Representant Special du Facilitateur,2007-09-01 00:00:00,2012-12-31 00:00:00,1620,Direct Execution,UND,UNDP,2011,975121.22,999844.22
CO,RBA,CIV,48089,Appui à la réintégration communautaire,"Programme d’Appui à la Réintégration, à la Reconstruction et à la Réhabilitation Communautaire",2007-09-18 00:00:00,2012-12-31 00:00:00,1625,UNITED NATIONS DEVELOPMENT PRO,UND,UNDP,2011,83722.98,96275.74
CO,RBA,CIV,49058,Projet de transformation de noix de cajou,Projet de transformation de noix de cajou,2008-01-10 00:00:00,2012-12-31 00:00:00,1622,National Execution,GOV,Gov Counterpart Institution,2011,82446.41,76530.05
CO,RBA,CIV,50004,COORDINATION NATIONALE REPONSE VIH/SIDA,Appui à la coordination de la réponse nationale face au VIH/SIDA,2008-01-01 00:00:00,2012-12-31 00:00:00,1625,UNITED NATIONS DEVELOPMENT PRO,UND,UNDP,2011,144207,99051.36
CO,RBA,CIV,50431,Appui intégration Genre dans processus électoral,Appui à l’intégration du Genre dans  le processus électoral ivoirien,2008-06-01 00:00:00,2012-12-31 00:00:00,1622,National Execution,GOV,Gov Counterpart Institution,2011,65881,60456.29
CO,RBA,CIV,51017,PROJET D'APPUI  A L'ALIMENTATION EN EAU POTABLE,PROJET D'APPUI  A L'ALIMENTATION EN EAU POTABLE,2008-10-20 00:00:00,2012-12-31 00:00:00,1622,National Execution,GOV,Gov Counterpart Institution,2011,284337,248688.23
CO,RBA,CIV,56599,Strengthening National Capacities For Early Recovery,Strengthening Capacities for Early Recovery & Post-Conflict Management in Côte d'Ivoire,2009-01-19 00:00:00,2012-12-31 00:00:00,1625,UNITED NATIONS DEVELOPMENT PRO,UND,UNDP,2011,3621144.91,3432480.3
CO,RBA,CIV,56716,PROJET INTEGRE FISDES,PROJET INTEGRE  DE REHIBILITATION ET DE COHESION SOCIALE FINANCE PAR LE FISDES,2009-02-02 00:00:00,2012-12-31 00:00:00,1622,National Execution,GOV,Gov Counterpart Institution,2011,538247.11,381831.46
CO,RBA,CIV,57047,RENFORCEMENT FEMME ELUE LOCALE,RENFORCEMENT FEMME ELUE LOCALE,2009-03-17 00:00:00,2013-12-31 00:00:00,1622,National Execution,GOV,Gov Counterpart Institution,2011,159614,74579.85
CO,RBA,CIV,57219,PROJET DE REHABILITATION DU PARC NATIONAL DE TAÏ,PROJET DE REHABILITATION DES INFRASTRUCTURES TOURISTIQUES ET DE RECHERCHE DU PARC NATIONAL DE TAÏ,2009-04-14 00:00:00,2012-12-31 00:00:00,1622,National Execution,GOV,Gov Counterpart Institution,2011,280858.77,206254.61
CO,RBA,CIV,58111,Projet d'Appui Emploi Jeune,Le Projet d'Appui aux Initiatives pour l’emploi des jeunes et la cohésion sociale en Côte d’Ivoire s'inscrit dans le cadre du Programme Régional Emploi Jeune et Cohésion Sociale initié par le Bureau Régional du PNUD pour l’Afrique de l’Ouest et du Centre,2009-08-24 00:00:00,2012-12-31 00:00:00,1620,Direct Execution,UND,UNDP,2011,514441.15,496458.22
CO,RBA,CIV,58208,APPUI REDUCTION PAUVRETE/OMD,Appui à la réduction de la pauvreté et à la réalisation des objectifs de developpement du millénaire/OMD,2009-09-01 00:00:00,2013-12-31 00:00:00,1622,National Execution,GOV,Gov Counterpart Institution,2011,1386666,1224888.27
CO,RBA,CIV,59551,Appui à la Bonne gouvernance,Programme d'Appui à la Bonne gouvernance 2009-2013,2010-03-12 00:00:00,2013-12-31 00:00:00,1622,National Execution,GOV,Gov Counterpart Institution,2011,435882,430328.08
CO,RBA,CIV,59749,PROJET D'APPUI  A L'ALIMENTATION EN EAU POTABLE,"Le projet d'Appui à la mise en oeuvre du CPAP a pour but de mettre en exergue, les résultats du Programme de Coopération du PNUD 2009-2013 avec le pays, et ainsi sa réponse aux priorités nationales telles que définies dans le document de stratégie de réd",2010-04-15 00:00:00,2012-12-31 00:00:00,1622,National Execution,GOV,Gov Counterpart Institution,2011,510043.71,441332.66
CO,RBA,CIV,59875,Appui au developpement de semences communautaires-CBSS,Appui au developpement de semences communautaires-CBSS,2010-04-26 00:00:00,2012-12-31 00:00:00,1622,National Execution,GOV,Gov Counterpart Institution,2011,20000,19544.66
CO,RBA,CIV,60387,Fonds central pour la réponse à la grippe pandémique,Fonds central pour la réponse à la grippe pandémique,2010-05-01 00:00:00,2012-12-31 00:00:00,1625,UNITED NATIONS DEVELOPMENT PRO,UND,UNDP,2011,155619,106465.53
CO,RBA,CIV,62870,PROJET APPUI RETAB/SECU/AUTORITE ETAT/COH SOCIALE,PROJET APPUI RETABLISSEMENT DE LA SECURITE/AUTORITE ETAT/COHESION SOCIALE,2011-10-01 00:00:00,2012-12-31 00:00:00,99999,UNDP,UND,UNDP,2011,45500,19033.62
CO,RBA,CIV,62901,SUSTAINABLE COCOA INITIATIVE (PHASE1),COte d'Ivoire Sustainable cacao initaitive,2011-08-01 00:00:00,2012-12-31 00:00:00,1622,National Execution,GOV,Gov Counterpart Institution,2011,115378,0
CO,RBA,CMR,11872,MISE EN OEUVRE ET SUIVI DSRP,APPUI A LA MISE EN OEUVRE ET AU SUIVI EVALUATION DU DSRP,2003-11-01 00:00:00,2010-12-31 00:00:00, ,,,,2011,0,-6989.6
CO,RBA,CMR,35256,Sous-Programme de Reduction de la Pauvreté à la Base,"Le sous-programme apporte une réponse aux efforts de réduction de la pauvreté tel qu'inscrite dans les politiques et stratégies du Gouvernement, à travers une approche multisectorielle.",2004-06-11 00:00:00,2012-12-31 00:00:00,663,UN Office for Project Services,ACY,UN Agency,2011,358381,297707.02
CO,RBA,CMR,42835,Projet d'Evaluation des Partenariats d’Aide au Cameroun,"En préparation au point d'achèvement HIPC et le développement à long terme du Cameroun, un partenariat solide est critique pour que la coopération internationale apporte un appui effectif aux objectifs nationaux pour le développement du pays.",2006-02-01 00:00:00,2012-12-31 00:00:00,654,National Execution,GOV,Gov Counterpart Institution,2011,260500,233782.52
CO,RBA,CMR,43160,Transb Collab for Ecosystem Conservation:Tchabal Mbabo, ,2002-01-01 00:00:00,2011-12-31 00:00:00,663,UN Office for Project Services,ACY,UN Agency,2011,1,-131299.92
CO,RBA,CMR,44155,REHABILITATION SOCIO ECONOMIQUE DE L A ZONE DU LAC NYOS,The objective of the program is to safeguard the lake and rehabilitate the Lake Nyos area.,2006-05-19 00:00:00,2010-12-31 00:00:00,99999,UNDP,UND,UNDP,2011,0,468.01
CO,RBA,CMR,44348,Grippe Aviaire,"L'objectif est d'éviter la survenue de l'épidémie de grippe aviaire dans sle pays et le cas échéant, d'en limiter les conséquences économiques, sanitaires, sociales et psychologiques.",2006-06-13 00:00:00,2012-12-31 00:00:00,99999,UNDP,UND,UNDP,2011,28220,23072.96
CO,RBA,CMR,46596,Changer d’Habitudes – S’Opposer à la Corruption (CHOC),"Ce Programme a pour objectif principal de contribuer à une réduction significative de la corruption au Cameroun à travers un appui à la mise en oeuvre des projets décrits dans la composante ""politique de lutte contre la corruption"" du PNG.",2007-02-24 00:00:00,2013-12-31 00:00:00,99999,UNDP,UND,UNDP,2011,504834.48,414248.36
CO,RBA,CMR,47615,UNCT CAMEROON PROPOSAL FOR ACTION 2, ,2007-07-02 00:00:00,2012-12-31 00:00:00,99999,UNDP,UND,UNDP,2011,30523,0
CO,RBA,CMR,48463,CMB - Opérationnalisation de la Déclaration de Paris, ,2008-01-01 00:00:00,2012-12-31 00:00:00,99999,UNDP,UND,UNDP,2011,25993,13950.72
CO,RBA,CMR,48914,Assistance Preparatoire au Projet Elections 2009-2011,"Le présent Projet s'inscrit dans la poursuite de l'appui du PNUD à la nouvelle dynamique en cours au Cameroun, en vue du renforcement des acquis dans le cadre de la modernisation du processus électoral.",2008-01-01 00:00:00,2012-12-31 00:00:00,99999,UNDP,UND,UNDP,2011,596495,490455.42
CO,RBA,CMR,49366,Renforcement Capacités Nationales en Droits Humains,Accompagner les autorités camerounaises dans leurs efforts de consolidation de l'Etat de droits et de promotion des droits humains et créer un cadre de protection approprié pour les droits de l'homme.,2008-02-08 00:00:00,2012-12-31 00:00:00,99999,UNDP,UND,UNDP,2011,293758,242962.03
CO,RBA,CMR,49435,Coordination de la mise en oeuvre du Programme Pays,L'objectif principal de ce projet est de renforcer les capacités de la Direction en charge de la Coopération Technique du MINEPAT dans son rôle de coordination du suivi de la mise en œuvre du Programme Pays du PNUD pour la période 2008 - 2012,2008-02-19 00:00:00,2013-12-31 00:00:00,99999,UNDP,UND,UNDP,2011,517206.78,430693.78
CO,RBA,CMR,49535,CApacités Développées et REnforcées en OMDs-CADRE,Le présent projet concourt au développement et au renforcement des capacités nationales dans la lutte contre la pauvreté et la réalisation des OMDs.,2008-02-27 00:00:00,2012-12-31 00:00:00,99999,UNDP,UND,UNDP,2011,401038,338780.8
CO,RBA,CMR,49573,Dynamisation/PMEvéritable vecteur lutte contr la pauvret,"L'objectif principal du présent projet est de renforcer les capacités de gestion des micro et petites entreprises afin de leur permettre d'améliorer leurs performances, d'investir et de créer de la croissance et des emplois.",2008-02-29 00:00:00,2012-12-31 00:00:00,99999,UNDP,UND,UNDP,2011,136822,144798.5
CO,RBA,CMR,51201,HRB Approach to Strengthening Participatory Democracy,"Within the framework of the Project,  women and youths shall know their rights and duties and fully participate in the running of their community and public affairs.",2008-11-18 00:00:00,2012-12-31 00:00:00,654,National Execution,GOV,Gov Counterpart Institution,2011,102425,112695.58
CO,RBA,CMR,56591,Renforcement des Capacités du Secteur de la Microfinance,L’objectif principal du présent projet est de renforcer les capacités du secteur de la microfinance afin d’assurer une offre durable de services financiers  à un nombre croissant de microentrepreneurs  dans le but de réduire la pauvreté.,2009-01-01 00:00:00,2012-12-31 00:00:00,99999,UNDP,UND,UNDP,2011,90000,78645.92
CO,RBA,CMR,56592,Renforcement Capacités Gestion de l'Environment,L'objectif global vise l'amélioration de la valorisation et de la sécurisation durable des biens et des services environnementaux.,2009-01-17 00:00:00,2012-12-31 00:00:00,659,UNITED NATIONS DEVELOPMENT PRO,UND,UNDP,2011,250000,250281.39
CO,RBA,CMR,58591,Climate Change Adaptation - Cameroon,This project addresses climate change risks under each of the five AAP global Project outputs.,2009-10-01 00:00:00,2012-12-31 00:00:00,99999,UNDP,UND,UNDP,2011,1614000,718370.25
CO,RBA,CMR,58731,Assistance for building capacity for social cohesion,"Renforcement de la résistance de la société au niveau local afin de promouvoir une réponse efficace aux crises et un relèvement rapide des catastrophes naturelles ou provoquées par l'homme, ou encore dues à la mondialisation.",2010-01-01 00:00:00,2011-12-31 00:00:00,99999,UNDP,UND,UNDP,2011,445157.89,393973.58
CO,RBA,CMR,60231,Cameroon Millenium Village Program (CMVP),The program will contribute to the implementation of the growth and employment strategy paper of the Gvt by piloting application at the cluster level and with the MDGs serving as the reference point.,2010-01-01 00:00:00,2012-12-31 00:00:00,99999,UNDP,UND,UNDP,2011,1993948.76,2034813.06
CO,RBA,CMR,61485,IFAD ADMINISTRATIVE SUPPORT ACTIVITIES,IFAD ADMINISTRATIVE SUPPORT ACTIVITIES,2011-01-01 00:00:00,2012-01-01 00:00:00,659,UNITED NATIONS DEVELOPMENT PRO,UND,UNDP,2011,444030.39,446911.55
CO,RBA,CMR,61791,Institutional Cap Enhancmt of EIRFORCES,"The present Project aims to enhance the capability of Cameroon to effectively participate in UN and African Union peacekeeping and peace building activities of the International school for security forces (EIFORCES), AWAE, Cameroon",2011-06-01 00:00:00,2012-12-31 00:00:00,654,National Execution,GOV,Gov Counterpart Institution,2011,400022,219557.43
CO,RBA,CMR,62486,Human Rights aspect to HIV/AIDS Response in Cameroon, ,2011-10-01 00:00:00,2012-12-31 00:00:00,99999,UNDP,UND,UNDP,2011,43500,0
CO,RBA,COD,12245,AIRES PROTEGEES,REHABILITATIONS DES AIRES PROTEGEES EN RDC,2004-01-01 00:00:00,2012-12-31 00:00:00, ,,,,2011,2,-4944.92
CO,RBA,COD,12250,Renforcement des capacités NEX-DEX,Renforcement des capacités NEX-DEX,2003-03-10 00:00:00,2012-12-31 00:00:00, ,,,,2011,1616239.89,1505595.59
CO,RBA,COD,12251,Réconciliation et Dévelpt en ITURI,Projet d'Appui à la Réconciliation et au Développement Communautaires en  Ituri,2004-01-01 00:00:00,2011-12-31 00:00:00, ,,,,2011,58216,31855.06
CO,RBA,COD,12252,Mécanisme de Réponse Rapide,"Mécanisme de Réponse Rapide pour le Désarmement, la Démobilisation et la Réintégration en RDC",2003-05-30 00:00:00,2011-12-31 00:00:00, ,,,,2011,475512.91,401455.39
CO,RBA,COD,12253,Community recovery,"RECONSTRUCTION COMMUNAUTAIRE,  REINTEGRATION DES EX COMBATTANTS ET REDUCTION DES ARMES LEGERES EN RDC",2003-06-15 00:00:00,2011-12-31 00:00:00, ,,,,2011,0,-52417.9
CO,RBA,COD,32149,Support to UN Coordination, ,2004-01-01 00:00:00,2012-12-31 00:00:00,99999,UNDP,UND,UNDP,2011,143115.41,115307.95
CO,RBA,COD,33430,Programme centralisé de récupération et recyclage, ,2004-04-16 00:00:00,2011-12-31 00:00:00,942,National Execution,GOV,Gov Counterpart Institution,2011,106608.37,95463.19
CO,RBA,COD,33507,Appui aux Institutions de la Transition, ,2004-03-09 00:00:00,2011-12-31 00:00:00,946,UNDP (Direct Execution),UND,UNDP,2011,0,-1700
CO,RBA,COD,33685,Appui aux Institutions de la Transition, ,2004-03-09 00:00:00,2010-12-31 00:00:00,946,UNDP (Direct Execution),UND,UNDP,2011,5680,0
CO,RBA,COD,33939,Projet Cadre Final pour le Secteur de la Mousse, ,2004-01-01 00:00:00,2011-12-31 00:00:00,949,United Nations Office for Proj,ACY,UN Agency,2011,36055.05,15708.12
CO,RBA,COD,34335,Appui aux Institutions de la Transition, ,2004-03-09 00:00:00,2011-12-31 00:00:00,946,UNDP (Direct Execution),UND,UNDP,2011,0,-479.6
CO,RBA,COD,34956,DDR et initiatives à la base, ,2004-01-01 00:00:00,2004-12-31 00:00:00,946,UNDP (Direct Execution),UND,UNDP,2011,0,-3500
CO,RBA,COD,36621,Fonds Mondial HIV/AIDS, ,2004-10-01 00:00:00,2011-12-31 00:00:00,946,UNDP (Direct Execution),UND,UNDP,2011,1098136.99,395799.03
CO,RBA,COD,36654,Fonds Mondial Malaria, ,2004-10-01 00:00:00,2007-12-31 00:00:00,946,UNDP (Direct Execution),UND,UNDP,2011,0,-3920.1
CO,RBA,COD,36725,Réhabilitation Axe Routier Kisangani-Ubundu, ,2004-09-17 00:00:00,2012-12-31 00:00:00,949,United Nations Office for Proj,ACY,UN Agency,2011,354837.04,131797.04
CO,RBA,COD,36945,PASMIF Microfinance en RDC,Programme d'appui au secteur de la microfinance,2004-11-15 00:00:00,2014-12-31 00:00:00,946,UNDP (Direct Execution),UND,UNDP,2011,1001695,523511.78
CO,RBA,COD,40373,APPUI A LA SECURISATION ELECTORALE EN RDC, ,2005-06-01 00:00:00,2011-12-31 00:00:00,946,UNDP (Direct Execution),UND,UNDP,2011,709991.81,-4449.9
CO,RBA,COD,41509,IFAD Field Presence Pilot Programme in DRC, ,2005-10-04 00:00:00,2010-12-31 00:00:00,946,UNDP (Direct Execution),UND,UNDP,2011,81012.48,78605.52
CO,RBA,COD,43959,DR Congo Joint Programming, ,2006-04-27 00:00:00,2012-12-31 00:00:00,99999,UNDP,UND,UNDP,2011,2913115.26,2331964.55
CO,RBA,COD,45386,GFATM Round 5 Tuberculose, ,2006-10-01 00:00:00,2011-12-31 00:00:00,946,UNDP (Direct Execution),UND,UNDP,2011,9813112.93,3441806.72
CO,RBA,COD,45665,DRC Communication Strategy, ,2006-11-30 00:00:00,2009-12-31 00:00:00,946,UNDP (Direct Execution),UND,UNDP,2011,156091.26,121451.75
